"代码","名称","行业","板块","每手股数","认购倍数","发行市值","上市价","首日收盘价","中签率"
"06127","昭衍新藥","醫療保健","主板",100,"310.00","408.88億",,0,"5.00"
"01473","環聯連訊","電訊","主板",4000,"64.15","5.60億",0.56,0.71,"15.00"
"06606","諾輝健康－Ｂ","醫療保健","主板",500,"4133.19","111.43億",26.66,84,"2.00"
"02170","貝康醫療－Ｂ","醫療保健","主板",500,"402.80","72.96億",27.36,27.7,"10.00"
"01024","快手－Ｗ","軟件服務","主板",100,"1204.16","4724.42億",115,300,"4.00"
"02161","健倍苗苗","醫療保健","主板",2000,"22.47","10.72億",1.2,2.16,"8.00"
"02160","心通醫療－Ｂ","醫療保健","主板",1000,"769.00","288.67億",12.2,18.82,"7.50"
"06668","星盛商業","居民服務","主板",1000,"756.85","38.60億",3.86,4,"1.29"
"02159","麥迪衛康","醫療保健","主板",800,"168.75","6.00億",3,3.79,"15.00"
"09608","宋都服務","居民服務","主板",10000,"25.24","8.00億",0.25,0.16,"12.50"
"01490","網上車市","軟件服務","主板",4000,"1274.76","14.81億",1.23,1.5,"0.43"
"01643","現代中藥集團","醫療保健","主板",3000,"30.66","7.08億",1.18,1.26,"10.00"
"02125","稻草熊娛樂","影視傳媒","主板",1000,"403.54","38.99億",5.88,10.8,"6.00"
"02146","榮萬家","居民服務","主板",500,"6.62","50.61億",13.46,12.36,"18.00"
"02158","醫渡科技","軟件服務","主板",100,"1633.84","237.16億",26.3,65.2,"20.00"
"01440","DEYUN HOLDING","紡織服飾","主板",5000,"33.62","5.04億",0.4,0.415,"10.00"
"02129","LEGION CONSO","貨運物流","主板",5000,"443.37","5.00億",0.4,0.35,"1.09"
"02153","達豐設備","建筑","主板",2000,"10.30","20.19億",1.73,1.58,"10.00"
"08489","裕程物流","貨運物流","主板",5000,"35.90","2.22億",0.74,0.87,"15.26"
"01855","中邦環境","居民服務","主板",2000,"36.25","5.50億",2,2.05,"13.50"
"09600","新紐科技","軟件服務","主板",800,"446.57","34.88億",4.36,4.1,"16.00"
"01379","溫嶺工量刃具","地產","主板",500,"27.68","5.00億",6.25,6.06,"20.00"
"01945","清科創業","其他金融","主板",400,"1394.00","33.00億",11,11.6,"2.00"
"01940","CGII HLDGS","工業制造","主板",2000,"10.09","16.44億",1.37,1.62,"10.00"
"02127","匯森家居","家電家用","主板",2000,"53.40","53.10億",1.77,1.8,"20.00"
"02135","瑞麗醫美","醫療保健","主板",10000,"386.00","8.22億",0.4,0.435,"3.00"
"01167","加科思－Ｂ","醫療保健","主板",300,"299.59","106.35億",14,14.42,"15.00"
"02148","VESYNC","家電家用","主板",1000,"538.00","62.00億",5.52,8.8,"1.54"
"02131","云想科技","軟件服務","主板",1000,"114.45","55.84億",6.98,8.12,"10.00"
"06677","遠洋服務","居民服務","主板",500,"8.91","69.62億",5.88,5.85,"15.00"
"06993","藍月亮集團","紡織服飾","主板",500,"301.33","756.32億",13.16,14.88,"55.00"
"02117","大唐集團控股","地產","主板",1000,"0.76","60.80億",4.56,4.59,"100.00"
"09992","泡泡瑪特","家電家用","主板",200,"356.74","531.91億",38.5,69,"15.00"
"02142","和鉑醫藥－Ｂ","醫療保健","主板",1000,"78.54","95.06億",12.38,11.02,"10.00"
"06999","領地控股","地產","主板",1000,"0.57","56.90億",5.69,5.69,"100.00"
"01153","佳源服務","居民服務","主板",1000,"2.79","23.16億",3.86,3.88,"60.00"
"01209","華潤萬象生活","居民服務","主板",200,"29.78","490.60億",22.3,28,"100.00"
"06618","京東健康","醫療保健","主板",50,"421.91","2207.09億",70.58,110,"40.00"
"02110","裕勤控股","建筑","主板",10000,"36.79","5.00億",0.225,0.192,"20.00"
"06666","恒大物業","居民服務","主板",500,"10.71","951.35億",8.8,8.78,"50.00"
"06996","德琪醫藥－Ｂ","醫療保健","主板",500,"264.76","120.81億",18.08,18.28,"20.00"
"01516","融創服務","居民服務","主板",1000,"10.42","348.00億",11.6,14.14,"30.00"
"01795","亞東集團","紡織服飾","主板",3000,"18.30","5.04億",0.84,0.83,"25.00"
"02599","祥生控股集團","地產","主板",1000,"0.54","167.70億",5.59,5.59,"100.00"
"06900","上坤地產","地產","主板",2000,"0.89","45.60億",2.28,2.3,"100.00"
"09666","金科服務","居民服務","主板",100,"11.17","282.91億",44.7,44.7,"50.00"
"01351","輝煌明天","影視傳媒","主板",2000,"31.32","5.50億",1.1,1.45,"45.00"
"09901","新東方－Ｓ","居民服務","主板",10,"1.55","2009.78億",1190,1365,"100.00"
"09995","榮昌生物－Ｂ","醫療保健","主板",500,"53.43","249.22億",52.1,69.8,"90.00"
"02126","藥明巨諾－Ｂ","醫療保健","主板",500,"449.42","89.53億",23.8,22,"5.00"
"09698","萬國數據－ＳＷ","軟件服務","主板",100,"6.42","1189.89億",80.88,83,"80.00"
"00873","世茂服務","居民服務","主板",1000,"13.86","390.59億",16.6,16.6,"50.00"
"03913","合景悠活","居民服務","主板",1000,"44.46","159.21億",7.89,6.08,"60.00"
"09993","金輝控股","地產","主板",1000,"1.72","172.00億",4.3,4.36,"100.00"
"02096","先聲藥業","醫療保健","主板",1000,"589.47","356.98億",13.7,10.98,"5.00"
"02169","滄港鐵路","貨運物流","主板",4000,"12.00","9.50億",0.95,1,"6.50"
"02107","第一服務控股","居民服務","主板",2500,"66.69","24.00億",2.4,1.76,"10.00"
"01597","納泉能源科技","工業制造","主板",1000,"77.19","5.00億",2,2.07,"15.00"
"02132","譽燊豐控股","建筑","主板",8000,"59.05","5.20億",0.325,0.275,"10.00"
"06989","卓越商企服務","居民服務","主板",1000,"652.06","128.16億",10.68,11,"10.00"
"08657","TRUE PARTNER","其他金融","創業板",2000,"13.15","5.60億",1.4,1.08,"15.00"
"02115","捷心隆","建筑","主板",10000,"13.47","5.04億",0.36,1.13,"10.01"
"02130","嘉泓物流","貨運物流","主板",1000,"34.31","6.65億",2.66,2.71,"20.00"
"09677","威海銀行","銀行","主板",1000,"0.61","195.92億",3.35,3.35,"100.00"
"01952","云頂新耀－Ｂ","醫療保健","主板",500,"654.41","156.03億",55,72.75,"2.00"
"06998","嘉和生物－Ｂ","醫療保健","主板",500,"1247.52","115.46億",24,27.95,"3.00"
"01429","天任集團","建筑","主板",8000,"26.76","5.60億",0.35,1,"12.50"
"02057","中通快遞－ＳＷ","貨運物流","主板",50,"6.69","1849.84億",218,238,"70.00"
"09616","東軟教育","居民服務","主板",800,"300.07","41.47億",6.22,6.22,"10.00"
"09991","寶尊電商－ＳＷ","軟件服務","主板",100,"3.60","190.21億",82.9,84,"70.00"
"09688","再鼎醫藥－ＳＢ","醫療保健","主板",50,"3.43","482.98億",562,610,"50.00"
"00909","明源云","軟件服務","主板",1000,"644.25","308.72億",16.5,30.7,"10.00"
"06988","樂享互動","軟件服務","主板",1000,"1632.92","62.64億",2.88,2.7,"10.00"
"01179","華住集團－Ｓ","餐飲娛樂","主板",50,"3.39","942.82億",297,311,"100.00"
"02101","福祿控股","軟件服務","主板",500,"1258.51","35.60億",8.9,9.18,"2.00"
"01455","科利實業控股","家電家用","主板",5000,"7.70","5.00億",0.4,1.32,"30.00"
"01408","濠江機電","建筑","主板",2000,"8.99","5.00億",1,2.86,"30.11"
"09987","百勝中國－Ｓ","餐飲娛樂","主板",50,"52.32","1726.72億",412,390.2,"25.00"
"09633","農夫山泉","食品飲料","主板",200,"1148.30","2405.47億",21.5,33.1,"12.00"
"09913","智勤控股","建筑","主板",4000,"19.15","5.20億",0.52,0.425,"80.01"
"03347","泰格醫藥","醫療保健","主板",100,"414.39","856.52億",100,113.3,"5.00"
"01449","立德教育","居民服務","主板",1000,"27.94","14.00億",2.1,1.85,"20.00"
"00368","德合集團","建筑","主板",4000,"10.73","5.04億",0.63,0.7,"10.01"
"09668","渤海銀行","銀行","主板",500,"0.59","831.84億",4.8,4.8,"100.00"
"09908","嘉興燃氣","石油天然氣","主板",500,"6.73","13.33億",10,11.04,"18.01"
"09977","鳳祥股份","農業產品","主板",1000,"2.10","46.62億",3.33,3.36,"85.00"
"01156","CHINANEWENERGY","工業制造","主板",4000,"9.44","5.40億",0.98,0,"8.51"
"01981","華夏視聽教育","影視傳媒","主板",1000,"34.64","49.60億",3.1,4.92,"50.00"
"06933","新娛科控股","軟件服務","主板",2000,"5.59","6.52億",1.63,1.7,"25.02"
"06968","港龍中國地產","地產","主板",1000,"0.28","62.88億",3.93,3.92,"100.00"
"09986","大山教育","居民服務","主板",2000,"4.09","10.00億",1.25,1.12,"50.00"
"09990","祖龍娛樂","軟件服務","主板",1000,"123.01","91.34億",11.6,20.3,"20.00"
"08659","易和國際控股","工用支援","創業板",5000,"11.30","2.40億",0.4,0.76,"13.02"
"09906","宏力醫療管理","醫療保健","主板",2000,"14.99","12.60億",2.1,2.42,"10.00"
"01163","虎視傳媒","軟件服務","主板",2500,"6.18","5.16億",0.86,1.07,"45.02"
"01477","歐康維視生物－Ｂ","醫療保健","主板",500,"1895.76","84.33億",14.66,37,"5.00"
"06958","正榮服務","居民服務","主板",1000,"102.00","45.50億",4.55,5.6,"40.00"
"06969","思摩爾國際","工業制造","主板",1000,"116.00","712.20億",12.4,31,"20.00"
"06978","永泰生物－Ｂ","醫療保健","主板",1000,"259.58","55.00億",11,15.48,"20.00"
"08623","中國蜀塔","工業制造","創業板",10000,"29.09","2.40億",0.3,0.217,"60.00"
"09979","綠城管理控股","地產","主板",1000,"11.20","47.76億",2.5,3.25,"40.00"
"01957","MBV INTL","紡織服飾","主板",2500,"23.50","5.02億",0.8,0.345,"65.01"
"09989","海普瑞","醫療保健","主板",500,"69.21","269.98億",18.4,17.66,"40.00"
"01971","弘陽服務","居民服務","主板",1000,"111.82","16.60億",4.15,4.4,"30.00"
"01502","金融街物業","居民服務","主板",1000,"146.22","26.50億",7.36,9.46,"20.00"
"01650","HYGIEIA GROUP","居民服務","主板",8000,"19.92","5.00億",0.25,0.134,"20.00"
"06078","海吉亞醫療","醫療保健","主板",200,"608.56","111.00億",18.5,26,"8.80"
"09997","康基醫療","醫療保健","主板",500,"989.22","173.81億",13.88,27.6,"9.00"
"09958","力天影業","影視傳媒","主板",1000,"11.65","7.68億",2.56,1.59,"20.01"
"09618","京東集團－ＳＷ","軟件服務","主板",50,"178.90","6984.24億",226,234,"10.00"
"09999","網易－Ｓ","軟件服務","主板",100,"360.53","4218.16億",123,130,"8.00"
"01645","海納智能","工業制造","主板",4000,"168.29","6.40億",1.38,1.2,"8.00"
"02381","蜆殼電業","家電家用","主板",10000,"37.30","5.00億",0.25,0.141,"33.14"
"09923","移卡","軟件服務","主板",400,"641.38","69.02億",16.64,17.66,"10.00"
"09939","開拓藥業－Ｂ","醫療保健","主板",500,"551.32","74.43億",20.15,21.5,"10.00"
"08496","新加坡美食控股","餐飲娛樂","創業板",2500,"16.40","2.16億",0.9,2.06,"12.28"
"09983","建業新生活","居民服務","主板",1000,"142.52","82.20億",6.85,8.37,"25.00"
"09996","沛嘉醫療－Ｂ","醫療保健","主板",1000,"1184.41","93.70億",15.36,25.8,"8.50"
"01147","伊登軟件","軟件服務","主板",10000,"115.63","5.00億",0.25,0.163,"30.00"
"01936","RITAMIX","食品飲料","主板",2000,"5.33","5.00億",1,2.76,"30.01"
"01376","RAFFLESINTERIOR","建筑","主板",8000,"14.17","5.00億",0.5,0.63,"10.00"
"01953","RIMBACO","建筑","主板",5000,"15.90","5.04億",0.4,0.475,"25.00"
"09926","康方生物－Ｂ","醫療保健","主板",1000,"639.20","123.47億",16.18,24.3,"12.00"
"08616","新威工程集團","建筑","創業板",10000,"34.70","2.40億",0.24,0.51,"20.00"
"08620","亞洲速運","貨運物流","創業板",5000,"196.21","2.40億",0.5,0.32,"10.00"
"01942","MOG HOLDINGS","紡織服飾","主板",2000,"40.04","5.00億",1,0.5,"35.00"
"03390","滿貫集團","醫療保健","主板",2000,"6.79","11.92億",1.49,0.96,"25.08"
"06063","智中國際","建筑","主板",8000,"14.15","5.00億",0.25,0.69,"20.00"
"01463","C-LINK SQ","軟件服務","主板",4000,"11.15","5.04億",0.63,0.86,"13.01"
"09969","諾誠健華－Ｂ","醫療保健","主板",1000,"298.75","112.02億",8.95,9.81,"25.00"
"00589","建中建設","建筑","主板",2000,"59.04","10.31億",1.65,1.89,"60.00"
"06918","奇士達","家電家用","主板",2000,"20.40","7.18億",1.38,0.9,"50.01"
"01472","生興控股","建筑","主板",5000,"2.47","5.00億",0.5,1.24,"75.83"
"01961","九尊數字互娛","軟件服務","主板",2000,"23.06","7.37億",1.35,1.4,"60.00"
"01859","煜盛文化","影視傳媒","主板",1000,"0.80","36.16億",2.26,2.1,"100.00"
"01941","燁星集團","居民服務","主板",2000,"1948.62","6.24億",1.56,1.72,"3.00"
"01343","偉源控股","建筑","主板",5000,"4.79","5.11億",0.48,0.79,"30.01"
"01433","常達控股","紡織服飾","主板",10000,"74.68","5.00億",0.25,0.15,"70.01"
"01950","深藍科技控股","原材料","主板",4000,"12.47","5.20億",0.52,0.51,"30.01"
"09936","稀美資源","一般金屬","主板",2500,"15.74","6.69億",2.23,2.03,"35.01"
"09916","興業物聯","居民服務","主板",2000,"1414.06","7.96億",1.99,2.03,"3.00"
"02263","富石金融","券商信托","主板",10000,"130.35","5.00億",0.5,0.4,"20.01"
"09929","澳達控股","建筑","主板",10000,"5.57","5.00億",0.25,0.255,"26.12"
"01442","INFINITY L&T","貨運物流","主板",10000,"10.46","6.20億",0.31,0.34,"10.00"
"01601","中關村科技租賃","其他金融","主板",2000,"5.80","20.27億",1.52,1.52,"100.00"
"09933","GHW INTL","原材料","主板",4000,"21.70","5.29億",0.51,0.35,"40.00"
"01745","LVJI TECH","軟件服務","主板",2000,"84.66","29.90億",2.12,1.9,"20.00"
"01937","佳辰控股","建筑","主板",5000,"7.63","5.30億",0.53,0.335,"50.01"
"09938","華和控股","建筑","主板",5000,"16.69","5.00億",0.5,0.8,"25.00"
"00301","三和精化","工業制造","主板",2000,"37.75","5.56億",1.3,1.03,"30.00"
"01412","雋思集團","原材料","主板",2000,"6.81","6.28億",1.18,1.1,"49.31"
"01525","建橋教育","居民服務","主板",500,"4.52","24.20億",6.05,6.81,"40.00"
"01740","新石文化","影視傳媒","主板",5000,"1212.16","5.00億",0.5,0.7,"1.50"
"01925","曠世控股","家電家用","主板",2000,"17.66","5.12億",1.28,0.96,"60.00"
"09919","艾德韋宣集團","影視傳媒","主板",2000,"113.75","16.77億",2.02,1.57,"20.00"
"09968","匯景控股","地產","主板",2000,"0.32","101.40億",1.93,1.95,"100.00"
"01416","CTR HOLDINGS","建筑","主板",10000,"18.17","5.04億",0.36,0.255,"18.20"
"03718","北控城市資源","公共事業","主板",4000,"2.70","24.84億",0.69,0.69,"80.02"
"09922","九毛九","餐飲娛樂","主板",1000,"637.82","88.00億",6.6,10.32,"25.00"
"01802","文業集團","建筑","主板",2000,"12.62","6.30億",1.06,1.09,"25.02"
"08500","天泓文創","影視傳媒","創業板",2000,"15.10","2.50億",1.39,0.99,"19.89"
"02528","尚晉國際控股","紡織服飾","主板",2000,"17.70","8.00億",2,1.46,"14.00"
"08646","中國宏光","工業制造","創業板",3000,"27.90","2.31億",0.77,0.79,"10.50"
"09918","麗年國際","家電家用","主板",8000,"35.19","5.00億",0.25,0.249,"40.00"
"09998","光榮控股","建筑","主板",5000,"48.73","5.20億",0.65,0.6,"5.25"
"01542","臺州水務","公共事業","主板",1000,"5.47","8.44億",4.22,4.22,"20.00"
"09911","赤子城科技","軟件服務","主板",2000,"1441.83","16.80億",1.68,3.25,"2.00"
"06199","貴州銀行","銀行","主板",1000,"0.25","361.78億",2.48,2.3,"100.00"
"09909","寶龍商業","居民服務","主板",500,"53.24","57.00億",9.5,10.06,"90.00"
"06049","保利物業","居民服務","主板",200,"222.68","187.20億",35.1,45.35,"100.00"
"09928","時代鄰里","居民服務","主板",1000,"10.61","46.80億",5.15,4.88,"35.00"
"01553","邁科管業","工業制造","主板",2000,"8.27","9.89億",2.28,2.15,"19.96"
"01691","ＪＳ環球生活","家電家用","主板",500,"2.68","173.27億",5.2,5.49,"100.00"
"06193","泰林科建","建筑","主板",2000,"41.99","5.20億",1.3,1.48,"15.01"
"01593","辰林教育","居民服務","主板",2000,"1.73","22.00億",2.2,2.06,"100.00"
"03680","索信達控股","軟件服務","主板",2000,"15.16","6.00億",1.5,1.62,"60.00"
"06919","人瑞人才","居民服務","主板",100,"0.83","40.04億",26.6,26.55,"100.00"
"08216","豐城控股","建筑","創業板",5000,"24.40","2.40億",0.6,0.435,"30.00"
"02400","心動公司","軟件服務","主板",200,"11.19","47.06億",11.1,11.86,"40.00"
"09966","康寧杰瑞制藥－Ｂ","醫療保健","主板",1000,"192.10","91.50億",10.2,13.5,"40.00"
"01503","招商局商業房托","地產","主板",1000,"1.43","38.57億",3.42,3.15,"100.00"
"02500","啟明醫療－Ｂ","醫療保健","主板",500,"312.42","129.59億",33,43.05,"30.00"
"08645","NOMAD TECH","軟件服務","創業板",6000,"148.60","2.40億",0.4,0.28,"20.00"
"02231","景業名邦集團","地產","主板",1000,"1.89","50.56億",3.16,3.23,"100.00"
"08208","WMCH GLOBAL","建筑","創業板",6000,"30.30","2.40億",0.4,0.4,"28.00"
"01425","捷隆控股","紡織服飾","主板",5000,"13.96","5.00億",0.4,0.415,"21.00"
"03759","康龍化成","醫療保健","主板",100,"114.23","306.88億",39.5,42.25,"100.00"
"09988","阿里巴巴－ＳＷ","軟件服務","主板",100,"42.44","37640.74億",176,187.6,"80.00"
"01756","華立大學","居民服務","主板",1000,"3.72","39.12億",3.26,2.7,"70.00"
"02296","華記環球集團","建筑","主板",8000,"61.00","5.00億",0.25,0.26,"25.01"
"02103","新力控股集團","地產","主板",1000,"0.71","140.47億",3.98,3.95,"100.00"
"03348","中國鵬飛集團","工業制造","主板",2000,"27.72","7.90億",1.58,1.19,"50.00"
"08617","永聯豐控股","工業制造","創業板",5000,"62.67","2.20億",0.55,0.56,"30.00"
"01747","HOME CONTROL","家電家用","主板",2000,"16.14","5.10億",1.02,0.92,"40.00"
"08627","旅橙文化","居民服務","創業板",8000,"36.10","2.20億",0.275,0.28,"30.00"
"01346","利華控股集團","紡織服飾","主板",4000,"31.20","5.44億",0.85,0.62,"40.00"
"01401","SPROCOMM INTEL","通訊器材","主板",20000,"74.00","5.00億",0.5,0.62,"5.00"
"06186","中國飛鶴","食品飲料","主板",1000,"13.14","670.00億",7.5,7.44,"65.00"
"01640","瑞誠中國傳媒","影視傳媒","主板",2000,"19.47","5.00億",1.25,1.24,"65.01"
"03681","中國抗體—Ｂ","醫療保健","主板",300,"12.87","76.47億",7.6,6,"100.00"
"01427","中國天保集團","地產","主板",1000,"0.79","20.00億",2.5,2.57,"100.00"
"01501","康德萊醫械","醫療保健","主板",200,"267.97","33.28億",20.8,27,"30.00"
"01870","益美國際控股","建筑","主板",2500,"20.13","5.04億",0.97,1.42,"25.00"
"01875","東曜藥業－Ｂ","醫療保健","主板",400,"12.95","37.34億",6.55,6.26,"15.00"
"01921","達力普控股","石油天然氣","主板",2000,"2.53","23.85億",1.59,1.53,"60.00"
"01987","BENG SOON MACH","建筑","主板",4000,"26.41","5.00億",0.5,0.5,"35.00"
"03603","信基沙溪","地產","主板",3000,"4.58","15.00億",1,1.3,"80.02"
"01922","銀城生活服務","居民服務","主板",2000,"382.88","5.81億",2.18,2.52,"3.00"
"02163","遠大住工","建筑","主板",300,"1.38","47.19億",9.68,9.67,"100.00"
"01821","ESR","貨運物流","主板",200,"3.22","510.15億",16.8,17.7,"100.00"
"00302","中手游","軟件服務","主板",2000,"543.83","63.99億",2.83,2.89,"15.00"
"01847","云南建投混凝土","建筑","主板",1000,"18.46","14.99億",3.36,2.66,"70.00"
"06855","亞盛醫藥－Ｂ","醫療保健","主板",100,"751.99","70.82億",34.2,37.6,"9.00"
"01692","登輝控股","家電家用","主板",2000,"274.49","5.20億",1.3,0.86,"10.00"
"01853","春城熱力","公共事業","主板",2500,"98.25","10.97億",2.35,2.2,"20.00"
"01871","向中國際","居民服務","主板",4000,"380.15","5.12億",1.28,0.87,"1.60"
"01843","快餐帝國","餐飲娛樂","主板",4000,"13.68","5.20億",0.65,0.61,"19.49"
"08441","國際永勝集團","居民服務","創業板",10000,"41.56","2.56億",0.32,0.57,"30.00"
"01283","高升集團控股","建筑","主板",5000,"81.62","5.84億",0.73,0.74,"10.00"
"01959","世紀聯合控股","汽車","主板",2000,"22.16","5.40億",1.08,0.77,"40.00"
"01967","信懇智能","工業制造","主板",2000,"12.88","5.00億",2,3.4,"15.01"
"02606","藍光嘉寶服務","居民服務","主板",100,"52.89","63.52億",37,42.55,"100.00"
"01084","綠新親水膠體","食品飲料","主板",2000,"1.59","9.28億",1.16,1.35,"100.00"
"01582","華營建筑","建筑","主板",2500,"9.87","5.00億",1,1.15,"20.00"
"01955","莊臣控股","居民服務","主板",2000,"50.03","5.00億",1,1.23,"50.00"
"01846","德視佳","醫療保健","主板",1000,"42.72","23.80億",7.5,11,"30.00"
"01895","鑫苑服務","居民服務","主板",1000,"6.01","10.40億",2.08,2.95,"20.01"
"08418","傲迪瑪汽車","汽車","創業板",10000,"28.18","2.04億",0.24,0.465,"40.00"
"03601","魯大師","軟件服務","主板",1000,"277.36","7.02億",2.7,8.6,"20.00"
"06110","滔搏","紡織服飾","主板",1000,"2.39","527.10億",8.5,9.25,"100.00"
"06820","FRIENDTIMES","軟件服務","主板",2000,"7.95","33.44億",1.52,1.52,"50.00"
"01876","百威亞太","食品飲料","主板",100,"3.64","3516.92億",27,28.2,"100.00"
"01960","TBKS HLDGS","建筑","主板",5000,"9.60","5.00億",0.5,0.8,"10.01"
"03938","LFG投資控股","券商信托","主板",2000,"28.42","6.72億",1.68,1.07,"25.06"
"08668","瀛海集團","餐飲娛樂","創業板",10000,"54.90","2.88億",0.24,0.241,"30.00"
"02696","復宏漢霖－Ｂ","醫療保健","主板",100,"3.89","267.41億",49.6,49.45,"100.00"
"03928","S&T HLDGS","建筑","主板",2000,"7.21","5.14億",1.07,1.22,"35.01"
"01920","恒新豐控股","建筑","主板",10000,"15.14","5.20億",0.2,0.168,"80.00"
"02558","晉商銀行","銀行","主板",1000,"0.18","218.81億",3.82,3.82,"100.00"
"00382","中匯集團","居民服務","主板",2000,"2.42","28.50億",2.85,2.87,"100.00"
"01134","恒發光學","紡織服飾","主板",4000,"29.68","5.00億",1,1.06,"15.00"
"01912","康特隆","工業制造","主板",5000,"39.90","5.20億",0.65,0.69,"25.00"
"01949","PLATT NERA","軟件服務","主板",2000,"13.67","5.00億",1.25,1.55,"14.01"
"02772","中梁控股","地產","主板",500,"1.01","195.92億",5.55,5.95,"100.00"
"06805","金茂源環保","工業制造","主板",2000,"1.96","14.90億",1.33,1.3,"90.00"
"01931","華檢醫療","醫療保健","主板",1000,"2.21","40.94億",3.07,3.07,"50.00"
"01977","安樂工程","建筑","主板",2000,"7.59","16.80億",1.2,1.63,"100.00"
"06093","和泓服務","居民服務","主板",2000,"5.31","5.12億",1.28,1.72,"20.01"
"08612","維亮控股","居民服務","創業板",10000,"28.19","3.30億",0.55,0.78,"35.01"
"01839","中集車輛","汽車","主板",500,"2.74","112.61億",6.38,6.14,"100.00"
"02180","萬寶盛華","居民服務","主板",250,"4.67","19.80億",9.9,9.8,"85.01"
"00924","坤集團","建筑","主板",8000,"13.36","5.00億",0.5,1.16,"6.83"
"03798","家鄉互動","軟件服務","主板",2000,"2.77","16.96億",1.35,1.71,"60.00"
"01286","鷹普精密","工業制造","主板",1000,"2.72","55.00億",3,3.01,"100.00"
"01701","途屹控股","餐飲娛樂","主板",4000,"6.20","5.20億",0.52,0.305,"60.01"
"01842","植華集團","紡織服飾","主板",4000,"8.29","5.00億",0.5,0.57,"35.00"
"01901","飛揚集團","餐飲娛樂","主板",2000,"19.14","5.25億",1.05,0.98,"50.01"
"01930","勛龍","汽車","主板",4000,"6.01","5.81億",0.88,1.18,"40.04"
"01943","銀濤控股","建筑","主板",5000,"3.23","5.00億",0.5,0.465,"100.00"
"01849","創世紀集團控股","軟件服務","主板",5000,"9.03","5.20億",0.65,0.49,"25.00"
"01951","錦欣生殖","醫療保健","主板",2000,"99.26","203.32億",8.54,9.28,"65.00"
"01769","思考樂教育","居民服務","主板",1000,"1.57","20.45億",3.68,3.69,"100.00"
"06117","日照港裕廊","貨運物流","主板",2000,"0.24","24.00億",1.5,4,"100.00"
"01935","嘉宏教育","居民服務","主板",2000,"0.46","24.00億",1.5,1.65,"100.00"
"03877","中國船舶租賃","其他金融","主板",2000,"0.11","82.22億",1.34,1.24,"100.00"
"03692","翰森制藥","醫療保健","主板",2000,"11.77","813.66億",14.26,19.5,"60.01"
"02189","嘉濤(香港)控股","居民服務","主板",4000,"80.37","6.00億",0.6,0.56,"20.00"
"06811","太興集團","餐飲娛樂","主板",1000,"15.51","30.00億",3,2.64,"80.00"
"00667","中國東方教育","居民服務","主板",500,"0.76","245.14億",11.25,9.92,"100.00"
"06055","中煙香港","食品飲料","主板",1000,"102.04","33.75億",4.88,5.35,"60.00"
"01905","海通恒信","其他金融","主板",2000,"0.06","154.82億",1.88,1.88,"100.00"
"02181","邁博藥業—Ｂ","醫療保健","主板",2000,"1.46","61.86億",1.5,1.21,"100.00"
"01521","方達控股","醫療保健","主板",2000,"91.70","64.24億",3.2,3.35,"50.00"
"02060","浦江國際","建筑","主板",1000,"0.46","21.44億",2.68,2.71,"100.00"
"03868","信義能源","公共事業","主板",2000,"1.07","128.57億",1.94,1.94,"100.00"
"01817","慕尚集團控股","紡織服飾","主板",500,"0.48","41.71億",4.39,4.5,"100.00"
"02230","羚邦集團","影視傳媒","主板",5000,"15.77","8.96億",0.45,0.31,"60.00"
"01832","海天地悅旅","餐飲娛樂","主板",1000,"1.17","12.74億",3.54,3.46,"100.00"
"02346","星宇控股","一般金屬","主板",2000,"11.38","5.00億",1,1.11,"50.00"
"01903","JBB BUILDERS","建筑","主板",2000,"1.20","5.90億",1.18,1.23,"100.00"
"01873","維亞生物","醫療保健","主板",500,"106.92","66.15億",4.41,4.42,"100.00"
"01857","中國光大水務","公共事業","主板",1000,"2.43","83.12億",2.99,2.65,"100.00"
"01753","兌吧","軟件服務","主板",400,"7.69","66.67億",6,6.01,"100.00"
"08635","連成科技集團","軟件服務","創業板",4000,"101.30","2.12億",0.53,0.73,"15.00"
"01780","B & D STRATEGIC","建筑","主板",2500,"11.25","5.21億",0.84,0.89,"30.00"
"01906","博尼控股","紡織服飾","主板",5000,"95.94","6.96億",0.58,0.58,"50.00"
"06806","申萬宏源","券商信托","主板",800,"3.78","908.95億",3.63,3.2,"100.00"
"01545","設計都會","家電家用","主板",10000,"55.90","6.00億",0.3,0.27,"50.00"
"03321","偉鴻集團控股","建筑","主板",2500,"7.93","7.00億",1.4,1.39,"16.01"
"02660","禪游科技","軟件服務","主板",2000,"47.48","12.30億",1.23,1.61,"50.00"
"02718","東正金融","其他金融","主板",1000,"0.11","65.28億",3.06,2.77,"100.00"
"01797","新東方在線","居民服務","主板",500,"9.18","93.22億",10.2,10.2,"100.00"
"06185","康希諾生物－Ｂ","醫療保健","主板",200,"90.83","48.00億",22,34.7,"100.00"
"01865","管道工程","建筑","主板",4000,"25.97","5.06億",0.55,0.66,"50.00"
"06819","中智全球","醫療保健","主板",500,"0.59","24.05億",5.35,5.21,"100.00"
"08537","DOMINATE GP","紡織服飾","創業板",10000,"103.74","2.25億",0.3,0.405,"14.00"
"02682","潤利海事","居民服務","主板",4000,"0.78","5.00億",0.5,0.28,"100.00"
"03662","奧園健康","居民服務","主板",1000,"6.24","25.62億",3.66,4.45,"100.00"
"01563","友聯租賃","居民服務","主板",3000,"1.13","12.75億",0.85,0.83,"100.00"
"01891","興合控股","一般金屬","主板",4000,"206.56","5.00億",0.5,0.37,"50.00"
"01907","中國旭陽集團","煤炭","主板",1000,"1.19","112.00億",2.8,2.8,"100.00"
"03316","濱江服務","居民服務","主板",500,"7.14","18.56億",6.96,7.32,"100.00"
"08096","賞之味","餐飲娛樂","創業板",5000,"146.20","3.50億",0.7,0.475,"50.00"
"01917","豆盟科技","影視傳媒","主板",10000,"441.70","9.43億",0.41,0.63,"20.00"
"01158","開元酒店","餐飲娛樂","主板",200,"1.45","46.20億",16.5,16.88,"100.00"
"01902","銀城國際控股","地產","主板",2000,"0.41","33.73億",2.38,2.38,"100.00"
"02108","K2 F&B","餐飲娛樂","主板",4000,"16.40","6.00億",0.75,0.67,"45.00"
"01025","嘉藝控股","紡織服飾","主板",4000,"19.30","5.10億",0.98,1.06,"48.56"
"01872","冠轈控股","汽車","主板",5000,"72.47","3.87億",0.43,0.63,"50.01"
"01793","偉工控股","建筑","主板",4000,"16.23","5.00億",0.625,0.65,"15.01"
"02019","德信中國","地產","主板",1000,"0.32","73.70億",2.8,2.8,"100.00"
"02616","基石藥業－Ｂ","醫療保健","主板",500,"7.20","118.09億",12,12.86,"100.00"
"08607","納尼亞集團","紡織服飾","創業板",5000,"10.30","3.20億",0.4,0.44,"15.00"
"08036","電子交易集團","軟件服務","創業板",10000,"120.99","3.44億",0.28,0.28,"30.00"
"01703","首灃控股","餐飲娛樂","主板",5000,"17.68","5.00億",0.5,0.61,"50.15"
"01896","貓眼娛樂","影視傳媒","主板",200,"2.32","166.68億",14.8,14.64,"100.00"
"01890","中國科培","居民服務","主板",2000,"1.64","49.60億",2.48,2.51,"100.00"
"01851","銀杏教育","居民服務","主板",2000,"2.62","7.20億",1.44,1.35,"50.00"
"01785","成都高速","貨運物流","主板",1000,"0.20","35.20億",2.2,2.18,"100.00"
"02013","微盟集團","軟件服務","主板",1000,"0.79","56.32億",2.8,2.93,"100.00"
"06162","天瑞汽車內飾","汽車","主板",8000,"7.15","5.00億",0.25,0.248,"25.00"
"01767","TS WONDERS","食品飲料","主板",10000,"16.88","5.00億",0.5,0.63,"15.00"
"02360","優品360","食品飲料","主板",2000,"10.92","10.00億",1,1.17,"30.00"
"02885","彼岸控股","工業制造","主板",2000,"6.13","5.00億",1.25,0.93,"50.05"
"08631","申港控股","石油天然氣","創業板",10000,"43.40","2.40億",0.6,0.495,"18.00"
"01743","蒼南儀表","工業制造","主板",200,"3.32","10.93億",15.8,14.26,"70.01"
"01845","維港環保科技","工業制造","主板",3000,"2.35","11.73億",0.88,0.9,"70.01"
"01796","耀高控股","建筑","主板",2000,"12.99","5.04億",1.05,0.98,"50.00"
"01713","四川能投發展","公共事業","主板",2000,"0.49","19.02億",1.77,1.77,"100.00"
"01759","中油潔能控股","石油天然氣","主板",1000,"7.43","6.05億",2.8,2.84,"30.05"
"03978","卓越教育集團","居民服務","主板",1000,"1.80","20.35億",2.4,2.4,"100.00"
"01877","君實生物－Ｂ","醫療保健","主板",1000,"4.79","147.35億",19.38,23.75,"100.00"
"01762","萬咖壹聯","軟件服務","主板",1000,"3.26","45.33億",3.56,3,"60.00"
"01820","濟豐包裝","工用支援","主板",1000,"4.03","11.97億",3.98,3.98,"40.02"
"02892","萬城控股","地產","主板",2000,"0.83","9.00億",1.2,1.26,"100.00"
"01675","亞信科技","軟件服務","主板",400,"0.23","74.95億",10.5,10.02,"100.00"
"01983","瀘州銀行","銀行","主板",1000,"0.30","69.42億",3.18,3.25,"100.00"
"01995","永升生活服務","居民服務","主板",2000,"1.21","26.70億",1.78,1.78,"100.00"
"01992","復星旅游文化","餐飲娛樂","主板",200,"0.30","190.81億",15.6,14.98,"100.00"
"02359","藥明康德","醫療保健","主板",100,"1.92","792.02億",68,68,"100.00"
"08622","華康生物醫學","醫療保健","創業板",8000,"131.52","2.00億",0.5,0.47,"15.00"
"01837","五谷磨房","食品飲料","主板",2000,"1.44","35.98億",1.62,1.42,"100.00"
"01860","匯量科技","軟件服務","主板",1000,"1.83","60.75億",4,3.99,"100.00"
"02798","久泰邦達能源","煤炭","主板",5000,"8.51","10.88億",0.68,0.68,"30.00"
"08621","METROPOLIS CAP","居民服務","創業板",8000,"37.07","3.12億",0.39,0.55,"38.00"
"03992","創毅控股","居民服務","主板",2000,"59.44","5.00億",1,0.84,"30.00"
"01119","創夢天地","軟件服務","主板",400,"12.64","83.80億",6.6,6.03,"35.00"
"02168","佳兆業物業","居民服務","主板",250,"20.44","13.13億",9.38,9.24,"70.00"
"03668","兗煤澳大利亞","煤炭","主板",100,"0.19","308.88億",23.48,23.35,"100.00"
"01790","達力環保","公共事業","主板",5000,"6.32","5.80億",0.58,0.57,"40.01"
"01761","寶寶樹集團","軟件服務","主板",500,"1.18","113.48億",6.8,6.87,"100.00"
"00780","同程藝龍","軟件服務","主板",400,"2.72","201.37億",9.8,12.4,"100.00"
"02258","華滋國際海洋","貨運物流","主板",2000,"1.67","10.07億",1.22,1.33,"100.00"
"06890","康利國際控股","工業制造","主板",2000,"23.95","6.12億",1.02,1.07,"60.07"
"01835","瑞威資管","其他金融","主板",400,"5.59","7.67億",5,5.21,"100.00"
"03616","恒達集團控股","地產","主板",2000,"1.86","14.88億",1.24,1.13,"100.00"
"08259","HON CORP","建筑","創業板",4000,"22.53","2.40億",0.5,0.7,"40.01"
"01755","新城悅","居民服務","主板",1000,"0.36","23.20億",2.9,3.01,"100.00"
"01712","龍資源","貴金屬","主板",1000,"1.58","2.82億",2.03,2.11,"100.00"
"01801","信達生物－Ｂ","醫療保健","主板",500,"1.11","156.32億",13.98,16.58,"100.00"
"01034","富匯建筑控股","建筑","主板",8000,"12.40","5.12億",0.32,0.46,"26.00"
"08611","MINDTELL TECH","軟件服務","創業板",5000,"8.15","2.42億",0.62,0.72,"14.51"
"01653","MOS HOUSE","建筑","主板",20000,"16.61","3.80億",0.19,0.35,"13.00"
"01825","STERLING GP","紡織服飾","主板",10000,"18.43","3.20億",0.4,0.385,"30.00"
"01741","成志控股","建筑","主板",4000,"5.00","5.00億",0.625,0.63,"40.00"
"08613","東方支付集團控股","軟件服務","創業板",10000,"21.67","2.20億",0.22,0.242,"20.00"
"08516","廣駿集團控股","建筑","創業板",5000,"14.00","1.92億",0.4,0.75,"22.50"
"08603","亮晴控股","居民服務","創業板",10000,"13.39","2.24億",0.28,0.41,"20.01"
"01894","恒益控股","工業制造","主板",5000,"12.48","6.46億",0.85,0.88,"25.02"
"08042","高奧士國際","居民服務","創業板",10000,"16.23","2.40億",0.3,0.215,"60.00"
"01772","贛鋒鋰業","一般金屬","主板",200,"0.58","216.99億",16.5,11.76,"100.00"
"01939","東京中央拍賣","居民服務","主板",2000,"6.69","7.50億",1.5,1.56,"30.02"
"03990","美的置業","地產","主板",200,"0.25","200.60億",17,15.88,"100.00"
"06111","大發地產","地產","主板",1000,"0.32","33.60億",4.2,4.2,"100.00"
"01809","浦林成山","汽車","主板",500,"0.32","37.40億",5.89,4.38,"100.00"
"01540","澳獅環球","工用支援","主板",3000,"10.60","5.07億",1,0.84,"25.00"
"01781","新昌創展控股","家電家用","主板",2000,"10.25","5.94億",1.1,1.27,"25.00"
"01787","山東黃金","貴金屬","主板",250,"0.12","321.17億",14.7,14.7,"100.00"
"08017","捷利交易寶","軟件服務","創業板",4000,"25.86","3.20億",0.64,0.465,"30.01"
"01723","港亞控股","電訊","主板",2000,"6.47","4.00億",1,2.12,"45.05"
"01911","華興資本控股","其他金融","主板",100,"0.82","174.40億",31.8,24.7,"100.00"
"01748","信源企業集團","客運","主板",2000,"4.76","6.00億",1.5,1.51,"21.37"
"06862","海底撈","餐飲娛樂","主板",1000,"5.56","943.40億",17.8,17.82,"60.01"
"03690","美團點評－Ｗ","軟件服務","主板",100,"1.50","3788.97億",69,72.65,"100.00"
"08619","WAC HOLDINGS","居民服務","創業板",10000,"13.56","1.92億",0.2,0.69,"20.01"
"02552","華領醫藥－Ｂ","醫療保健","主板",500,"0.50","87.10億",8.28,8.28,"100.00"
"02680","創升控股","券商信托","主板",2000,"99.05","7.20億",1.8,0.98,"70.04"
"01969","中國春來","居民服務","主板",1000,"1.88","24.96億",2.08,1.74,"100.00"
"08601","寶燵控股","居民服務","創業板",10000,"13.10","3.20億",0.4,0.37,"19.16"
"01615","奧邦建筑","建筑","主板",5000,"181.49","4.02億",0.67,0.63,"48.53"
"08609","永續農業","農業產品","創業板",10000,"22.10","2.50億",0.5,0.395,"30.01"
"08482","萬勵達","貨運物流","創業板",10000,"15.15","2.31億",0.275,0.249,"40.00"
"08210","衍匯亞洲","券商信托","創業板",10000,"23.96","2.04億",0.255,0.255,"50.00"
"01783","金侖控股有限公司","建筑","主板",10000,"724.49","4.40億",0.55,0.49,"15.00"
"01725","恒達科技控股","工業制造","主板",5000,"420.73","5.25億",1.75,1.45,"10.00"
"08475","千盛集團控股","餐飲娛樂","創業板",5000,"88.03","2.88億",0.72,0.495,"40.00"
"00788","中國鐵塔","電訊","主板",2000,"1.36","2172.99億",1.26,1.26,"100.00"
"06160","百濟神州－Ｂ","醫療保健","主板",100,"1.73","828.54億",108,107,"100.00"
"01765","希望教育","居民服務","主板",2000,"18.37","128.00億",1.92,1.87,"100.00"
"01672","歌禮制藥－Ｂ","醫療保健","主板",1000,"9.13","156.90億",14,14,"40.00"
"01758","博駿教育","居民服務","主板",2000,"237.71","18.88億",2.36,2.87,"80.00"
"02048","易居企業控股","地產","主板",300,"0.73","211.02億",14.38,14.18,"100.00"
"01576","齊魯高速","貨運物流","主板",1000,"0.14","50.00億",2.5,2.3,"100.00"
"08512","凱富善集團控股","家電家用","創業板",10000,"3.57","3.25億",0.295,0.55,"80.09"
"00797","第七大道","軟件服務","主板",2000,"0.91","40.00億",1.5,1.47,"100.00"
"03302","光控精技","半導體","主板",2000,"4.70","9.82億",1.17,1.23,"84.98"
"08525","百應租賃","其他金融","創業板",2000,"6.28","3.46億",1.28,1.38,"100.00"
"08547","PACIFIC LEGEND","家電家用","創業板",10000,"3.45","3.00億",0.3,0.3,"50.00"
"01715","米技國際控股","家電家用","主板",10000,"19.59","4.50億",0.3,0.315,"55.01"
"01721","FSM HOLDINGS","工業制造","主板",5000,"9.77","5.30億",0.53,0.61,"25.01"
"01968","興紡控股","紡織服飾","主板",4000,"14.50","7.17億",1.12,2.87,"20.01"
"08540","勝利證券","券商信托","創業板",2000,"7.47","2.50億",1.25,1.3,"50.04"
"08606","倢冠控股","軟件服務","創業板",10000,"10.89","2.40億",0.3,0.7,"40.04"
"01731","其利工業集團","紡織服飾","主板",4000,"4.27","9.97億",0.89,1.12,"60.00"
"01775","精英匯集團","居民服務","主板",4000,"288.65","5.40億",1.08,1.32,"40.01"
"02051","51信用卡","其他金融","主板",500,"0.88","100.90億",8.5,9.1,"100.00"
"01739","齊屹科技","軟件服務","主板",500,"0.14","58.69億",4.85,4.54,"100.00"
"01760","英恒科技","汽車","主板",1000,"7.65","29.00億",2.9,2.9,"100.00"
"01773","天立教育","居民服務","主板",1000,"9.38","53.20億",2.66,3.19,"100.00"
"01996","弘陽地產","地產","主板",1000,"0.18","72.96億",2.28,2.56,"100.00"
"03700","映客","影視傳媒","主板",1000,"2.67","77.60億",3.85,4.26,"100.00"
"06860","指尖悅動","軟件服務","主板",1000,"0.76","41.40億",2.07,2.18,"100.00"
"08140","人和科技","建筑","創業板",10000,"12.60","2.40億",0.3,0.49,"22.05"
"08219","恒偉集團控股","紡織服飾","創業板",10000,"14.66","2.50億",0.25,0.495,"30.01"
"01652","福森藥業","醫療保健","主板",1000,"3.58","16.64億",2.08,2.54,"70.00"
"01746","萬順集團控股","建筑","主板",4000,"46.39","5.20億",0.52,0.36,"70.00"
"06190","九江銀行","銀行","主板",200,"0.28","255.18億",10.6,10.6,"100.00"
"08502","遠航港口","貨運物流","創業板",8000,"1.02","3.04億",0.38,0.415,"100.00"
"01810","小米集團－Ｗ","通訊器材","主板",200,"9.50","3838.19億",17,16.8,"100.00"
"08223","紫元元","其他金融","創業板",4000,"14.62","3.04億",0.76,1.57,"30.00"
"01763","中國同輻","醫療保健","主板",200,"35.24","69.09億",21.6,20.1,"80.01"
"02262","梁志天設計集團","建筑","主板",3000,"139.39","10.41億",0.88,1.15,"60.00"
"01592","基石控股","建筑","主板",5000,"18.46","4.80億",0.4,0.28,"85.00"
"08305","棠記控股","建筑","創業板",10000,"23.72","2.40億",0.3,0.244,"60.00"
"06100","有才天下獵聘","軟件服務","主板",200,"2.18","163.53億",33,32.5,"100.00"
"01620","加達控股","客運","主板",10000,"192.90","4.32億",0.36,0.355,"40.07"
"01587","欣融國際","食品飲料","主板",4000,"90.39","5.10億",0.75,0.58,"50.00"
"01749","杉杉品牌","紡織服飾","主板",1000,"149.24","5.04億",3.78,3.49,"27.00"
"08146","怡園酒業","食品飲料","創業板",10000,"128.80","2.80億",0.35,0.52,"70.00"
"01916","江西銀行","銀行","主板",500,"0.29","373.74億",6.39,6.41,"100.00"
"02003","維信金科","軟件服務","主板",200,"9.36","99.46億",20,20.45,"100.00"
"01806","匯付天下","軟件服務","主板",400,"9.69","93.86億",7.5,6.62,"70.01"
"08357","REPUBLIC HC","居民服務","創業板",5000,"150.69","3.12億",0.6,0.79,"3.32"
"08403","天平道合","居民服務","創業板",20000,"116.55","2.90億",0.145,0.138,"50.01"
"01757","俊裕地基","建筑","主板",10000,"453.84","4.08億",0.34,0.36,"30.00"
"01451","萬成集團股份","紡織服飾","主板",2000,"614.03","2.68億",1.34,1.38,"40.01"
"06119","天源集團","貨運物流","主板",3000,"16.88","5.10億",0.85,0.75,"70.01"
"08545","佰悅集團","家電家用","創業板",8000,"42.85","3.50億",0.35,0.4,"9.00"
"01978","敘福樓集團","餐飲娛樂","主板",2000,"1087.76","8.80億",1.1,1.54,"55.00"
"08490","駿碼科技","半導體","創業板",5000,"117.51","4.09億",0.58,0.6,"40.00"
"01598","21世紀教育","居民服務","主板",3000,"108.60","13.56億",1.13,1.71,"60.00"
"08536","TL NATURAL GAS","石油天然氣","創業板",10000,"276.03","2.40億",0.48,0.49,"40.01"
"08105","皇岦","居民服務","創業板",5000,"35.38","3.20億",0.4,0.485,"100.00"
"08521","智紡國際控股","紡織服飾","創業板",5000,"21.26","2.78億",0.58,0.65,"100.00"
"01742","HPC HOLDINGS","建筑","主板",5000,"53.20","7.20億",0.45,0.405,"100.00"
"01750","全達電器集團控股","工業制造","主板",10000,"23.40","5.40億",0.3,0.31,"100.00"
"01752","澳洲成峰高教","居民服務","主板",10000,"16.94","8.29億",0.33,0.395,"100.00"
"02119","捷榮國際控股","食品飲料","主板",2000,"162.94","14.33億",1.98,2.37,"15.00"
"08391","精雅印刷集團","工用支援","創業板",4000,"7.94","2.64億",0.6,0.63,"100.00"
"08527","聚利寶控股","餐飲娛樂","創業板",5000,"10.80","2.50億",0.5,1,"70.00"
"01833","平安好醫生","醫療保健","主板",100,"654.00","584.88億",54.8,54.8,"60.00"
"08107","威誠國際控股","紡織服飾","創業板",10000,"32.20","2.25億",0.225,0.4,"80.00"
"01671","天保能源","公共事業","主板",2000,"1593.15","3.04億",1.9,1.79,"20.01"
"08151","寶申控股","工業制造","創業板",5000,"321.64","2.02億",0.48,0.51,"60.01"
"08511","ZC TECH GP","軟件服務","創業板",4000,"70.07","2.60億",0.65,0.495,"50.00"
"01726","HKE HOLDINGS","建筑","主板",5000,"789.00","4.40億",0.55,0.56,"20.00"
"08241","英記茶莊集團","食品飲料","創業板",5000,"676.59","1.94億",0.54,0.72,"10.01"
"08447","MS CONCEPT","餐飲娛樂","創業板",10000,"26.88","2.70億",0.27,0.275,"60.36"
"08451","日光控股","原材料","創業板",10000,"84.66","2.20億",0.275,0.285,"61.80"
"08507","愛世紀集團","紡織服飾","創業板",4000,"19.90","2.32億",0.58,0.49,"100.00"
"01735","泓盈控股","建筑","主板",2000,"743.86","3.96億",1.5,1.51,"50.01"
"08372","君百延集團","醫療保健","創業板",10000,"253.40","2.68億",0.335,0.4,"35.06"
"01716","毛記葵涌","影視傳媒","主板",2000,"6289.00","3.24億",1.2,6.38,"0.80"
"02116","江蘇創新","石油天然氣","主板",2000,"226.42","6.00億",1.25,1.22,"40.00"
"08401","源想集團","影視傳媒","創業板",2000,"204.74","2.10億",1.05,0.89,"30.01"
"08448","環球印館","工用支援","創業板",20000,"307.60","2.07億",0.23,0.229,"30.00"
"02779","中國新華教育","居民服務","主板",1000,"32.77","52.16億",3.26,3.26,"70.00"
"08168","寶積資本","其他金融","創業板",10000,"95.88","2.40億",0.24,0.27,"100.00"
"02363","通達宏泰","工業制造","主板",2500,"275.30","4.35億",2.3,2.4,"20.05"
"02377","博奇環保","工業制造","主板",1000,"4.65","24.26億",2.4,2.38,"80.01"
"06036","光麗科技","半導體","主板",5000,"259.12","5.00億",0.5,0.9,"30.18"
"01705","賓仕國際","食品飲料","主板",4000,"2600.50","4.00億",1,3.98,"3.01"
"01737","亞洲實業集團","居民服務","主板",10000,"79.96","4.80億",0.48,0.53,"38.01"
"01815","金貓銀貓","紡織服飾","主板",1000,"5.60","25.08億",2.38,2.39,"70.01"
"02182","天長集團","工業制造","主板",4000,"578.70","4.40億",0.71,0.73,"30.05"
"01621","域高國際控股","石油天然氣","主板",8000,"47.18","3.50億",0.35,0.385,"35.00"
"01933","元力控股","軟件服務","主板",4000,"259.64","3.62億",0.95,1.53,"3.01"
"08483","名仕快相","居民服務","創業板",8000,"34.99","2.48億",0.31,0.36,"100.00"
"08526","榮豐集團亞洲","建筑","創業板",10000,"24.70","2.18億",0.38,0.39,"80.01"
"08367","倩碧控股","餐飲娛樂","創業板",10000,"14.79","2.20億",0.275,0.275,"40.08"
"08532","寶發控股","建筑","創業板",8000,"25.33","2.24億",0.28,0.41,"70.01"
"08040","ＤＣＢ控股","建筑","主板",5000,"31.93","2.40億",0.75,0.77,"50.01"
"08379","匯安智能","軟件服務","創業板",10000,"93.69","2.80億",0.35,0.36,"40.00"
"01183","澳能建設","建筑","主板",2000,"161.80","15.00億",1.25,1.37,"60.02"
"01729","匯聚科技","半導體","主板",8000,"268.40","9.20億",0.5,0.425,"60.01"
"08510","TOPSTANDARDCORP","餐飲娛樂","創業板",8000,"16.11","2.80億",0.35,0.33,"100.00"
"08522","德益控股","建筑","創業板",4000,"35.42","--",0.8,0,"60.05"
"08473","彌明生活百貨","零售","創業板",10000,"137.51","3.02億",0.27,0.28,"50.01"
"08523","常滿控股","建筑","創業板",5000,"4.27","2.00億",0.5,0.4,"60.00"
"08535","熒德控股","工用支援","創業板",20000,"34.80","2.04億",0.17,0.136,"20.04"
"03319","雅生活服務","居民服務","主板",250,"20.13","164.00億",12.3,9.46,"100.00"
"06829","龍升集團控股","建筑","主板",10000,"1681.10","4.80億",0.4,0.415,"10.06"
"08519","JIA GROUP","餐飲娛樂","創業板",10000,"85.67","2.58億",0.3,0.255,"80.01"
"08450","巨京控股","工用支援","主板",10000,"334.90","2.20億",0.22,0.255,"40.00"
"01711","歐化","家電家用","主板",10000,"1639.00","4.48億",0.56,1.6,"10.00"
"08456","民信國際控股","紡織服飾","創業板",4000,"19.60","2.80億",0.7,0.82,"16.52"
"08136","英馬斯集團","家電家用","創業板",10000,"14.96","2.50億",0.25,0.5,"28.01"
"08395","齊家控股","家電家用","創業板",20000,"28.64","2.47億",0.156,0.186,"70.01"
"02683","華新手袋國際控股","紡織服飾","主板",2000,"240.00","4.72億",1.18,1.21,"80.01"
"01665","檳杰科達","半導體","主板",4000,"9.63","16.00億",1,0.98,"15.02"
"08043","ATLINKS","通訊器材","創業板",5000,"11.40","2.00億",0.5,1.2,"30.01"
"08513","迎宏控股","醫療保健","創業板",4000,"18.47","2.60億",0.65,0.68,"75.00"
"02139","甘肅銀行","銀行","主板",1000,"1.61","261.95億",2.69,2.88,"100.00"
"08287","ZIONCOM","通訊器材","創業板",10000,"15.04","2.84億",0.43,0.375,"40.01"
"06182","乙德投資控股","建筑","主板",8000,"51.51","5.20億",0.65,0.67,"40.01"
"08371","嘗高美集團","餐飲娛樂","創業板",4000,"12.33","3.68億",0.92,0.84,"100.00"
"08479","金泰豐國際控股","石油天然氣","創業板",4000,"13.00","2.10億",0.5,0.62,"100.00"
"02292","晉安實業","地產","主板",2000,"24.55","8.93億",1.24,1.31,"100.00"
"02448","恒宇集團","建筑","主板",2500,"16.21","9.12億",1.2,0.99,"100.00"
"03699","光大永年","地產","主板",2000,"31.40","6.22億",1.41,1.41,"80.21"
"06158","正榮地產","地產","主板",1000,"1.79","159.60億",3.99,4,"100.00"
"08285","森浩集團","紡織服飾","創業板",5000,"252.00","2.41億",0.43,0.435,"100.00"
"08313","杰地集團","其他金融","創業板",10000,"7.79","6.40億",0.32,0.325,"25.01"
"08487","ISP GLOBAL","軟件服務","創業板",10000,"11.00","2.80億",0.35,0.78,"8.80"
"08493","龍皇集團","餐飲娛樂","創業板",12000,"11.84","3.02億",0.21,0.214,"35.00"
"03309","希瑪眼科","醫療保健","主板",2000,"1569.30","29.00億",2.9,5.11,"8.00"
"08350","駿溢環球金融","券商信托","創業板",8000,"9.08","3.20億",0.4,0.415,"30.01"
"08509","威揚酒業控股","食品飲料","創業板",4000,"13.50","3.00億",0.75,0.8,"20.00"
"02025","瑞豐動力","汽車","主板",2000,"17.00","13.44億",1.68,1.7,"60.50"
"03738","阜博集團","軟件服務","主板",1000,"5.97","10.66億",2.58,3.1,"30.01"
"08501","莊皇集團公司","建筑","創業板",2000,"8.56","3.12億",1.56,1.71,"40.35"
"08506","福紡控股","工業制造","創業板",12000,"115.04","2.20億",0.22,0.188,"100.00"
"01730","LHN","地產","主板",2000,"5.93","7.65億",1.9,3.25,"100.00"
"00784","凌銳控股","建筑","主板",10000,"23.40","4.00億",0.5,0.5,"60.07"
"02708","艾伯科技","軟件服務","主板",2000,"14.90","6.00億",1.5,2.16,"30.00"
"08422","ＷＴ集團","建筑","創業板",10000,"11.04","2.20億",0.22,0.28,"48.03"
"08485","竣球控股","工用支援","創業板",10000,"9.44","--",0.25,0.32,"50.00"
"03878","VICON HOLDINGS","建筑","主板",2000,"39.25","4.80億",1.2,1.26,"80.02"
"08419","AV策劃推廣","影視傳媒","創業板",5000,"22.08","2.20億",0.55,0.6,"100.00"
"01789","愛康醫療","醫療保健","主板",2000,"21.49","17.50億",1.75,2.64,"60.00"
"00839","中教控股","居民服務","主板",1000,"4.01","129.00億",6.45,6.33,"50.02"
"01722","建鵬控股","建筑","主板",10000,"40.77","4.80億",0.48,0.405,"25.00"
"01727","河北建設","建筑","主板",500,"0.99","77.31億",4.46,4.46,"100.00"
"02022","游萊互動","軟件服務","主板",4000,"8.91","12.60億",0.63,0.68,"70.15"
"08377","申酉控股","紡織服飾","創業板",10000,"30.43","3.00億",0.375,0.39,"40.00"
"08385","萬里印刷","工用支援","創業板",10000,"38.87","2.80億",0.35,0.365,"50.01"
"06090","勝捷企業","地產","主板",1000,"18.76","26.74億",3.18,3.24,"80.00"
"01417","浦江中國","地產","主板",2000,"210.19","6.20億",1.55,1.6,"30.01"
"01475","日清食品","食品飲料","主板",1000,"33.65","38.03億",3.54,3.37,"100.00"
"02227","守益控股","建筑","主板",4000,"112.90","7.14億",0.85,0.69,"60.00"
"01697","山東國信","券商信托","主板",1000,"1.06","118.02億",4.56,4.42,"100.00"
"08429","冰雪集團","工用支援","創業板",5000,"46.46","2.64億",0.55,0.57,"70.02"
"08406","合寶豐年","家電家用","創業板",10000,"42.60","2.52億",0.315,0.415,"50.00"
"08495","1957 & CO.","餐飲娛樂","創業板",4000,"365.51","2.02億",0.63,0.55,"30.00"
"01710","致豐工業電子","工業制造","主板",4000,"592.97","6.43億",0.62,0.7,"30.00"
"08402","GT STEEL GROUP","一般金屬","創業板",5000,"116.20","2.59億",0.54,0.51,"55.24"
"01975","新興印刷","工用支援","主板",4000,"45.12","6.62億",1.38,1.39,"20.01"
"02858","易鑫集團","汽車","主板",500,"561.22","483.28億",7.7,8.12,"10.00"
"03358","榮威國際","餐飲娛樂","主板",500,"7.68","46.36億",4.38,3.32,"60.00"
"08118","濠亮環球","工業制造","創業板",8000,"6.85","1.50億",0.3,0.6,"50.01"
"08373","靛藍星","建筑","創業板",5000,"2.60","2.40億",0.6,0.88,"85.07"
"01706","雙運控股","建筑","主板",5000,"16.19","5.60億",0.56,0.84,"70.09"
"08376","方圓房服集團","地產","創業板",4000,"23.33","--",0.79,0.84,"60.01"
"08400","亞洲先鋒娛樂","餐飲娛樂","創業板",10000,"13.90","2.80億",0.28,0.31,"37.83"
"01337","雷蛇","通訊器材","主板",1000,"291.24","343.89億",3.88,4.58,"50.00"
"08375","弘浩國際控股","半導體","創業板",10000,"9.86","2.40億",0.3,0.58,"30.01"
"02122","凱知樂國際","家電家用","主板",2000,"12.30","12.40億",1.55,1.49,"5.06"
"08426","雅居投資控股","地產","創業板",10000,"10.45","2.40億",0.3,0.315,"25.05"
"01720","普天通信集團","通訊器材","主板",4000,"10.86","7.26億",0.66,1.46,"7.51"
"00772","閱文集團","軟件服務","主板",200,"625.95","498.53億",55,102.4,"7.72"
"02232","晶苑國際","紡織服飾","主板",500,"10.38","212.19億",7.5,7.89,"100.00"
"08436","德寶集團控股","紡織服飾","創業板",5000,"431.49","2.76億",0.69,0.62,"60.00"
"08470","瑩嵐集團","居民服務","創業板",8000,"45.56","--",0.46,0.46,"60.00"
"06080","榮智控股","建筑","主板",6000,"308.50","4.68億",0.52,0.52,"50.01"
"08476","大洋環球控股","農業產品","創業板",2000,"25.50","3.42億",1.22,1.23,"100.00"
"08430","春能控股","貨運物流","創業板",5000,"21.00","2.82億",0.44,0.45,"100.00"
"08457","健升物流中國","貨運物流","創業板",10000,"248.00","--",0.3,0.38,"50.00"
"02225","KAKIKO GROUP","居民服務","主板",5000,"170.41","6.40億",0.52,0.55,"75.01"
"02337","眾誠能源","石油天然氣","主板",1000,"59.63","6.28億",2.68,3.04,"100.00"
"08065","高萌科技","軟件服務","創業板",5000,"1069.00","2.40億",0.6,0.87,"10.01"
"08275","永勤集團控股","建筑","創業板",10000,"82.80","2.04億",0.34,0.36,"50.01"
"08392","舍圖控股","家電家用","創業板",10000,"83.28","2.20億",0.22,0.245,"100.00"
"08480","飛霓控股","紡織服飾","創業板",4000,"162.60","2.52億",0.5,0.64,"100.00"
"08437","德斯控股","居民服務","創業板",8000,"44.63","2.88億",0.48,0.68,"50.00"
"01707","致浩達控股","建筑","主板",8000,"190.80","5.88億",0.42,0.405,"40.00"
"06885","金馬能源","煤炭","主板",1000,"43.64","16.00億",3,3.17,"100.00"
"08445","怡康泰工程集團","建筑","創業板",10000,"33.99","2.82億",0.47,0.55,"65.06"
"06060","眾安在線","保險","主板",100,"392.74","859.63億",59.7,65.2,"100.00"
"08199","中國萬桐園","居民服務","創業板",10000,"102.95","--",0.28,0.385,"60.01"
"01651","津上機床中國","工業制造","主板",1000,"6.60","20.16億",5.6,6.43,"50.00"
"08491","COOL LINK","食品飲料","創業板",5000,"27.65","3.30億",0.55,0.51,"100.00"
"03830","童園國際","家電家用","主板",5000,"1053.33","4.80億",0.48,0.78,"50.01"
"01696","SISRAM MED","醫療保健","主板",400,"17.58","35.85億",8.88,8.12,"100.00"
"08383","東駿控股","工用支援","創業板",8000,"81.60","3.20億",0.4,0.42,"100.00"
"01552","BHCC HOLDING","建筑","主板",5000,"550.80","4.00億",0.5,0.7,"23.00"
"02863","高豐集團控股","建筑","主板",3000,"473.21","4.64億",0.86,0.86,"25.09"
"01693","璋利國際","建筑","主板",4000,"30.37","12.60億",0.7,0.81,"100.00"
"08142","德利機械","工業制造","創業板",10000,"203.72","--",0.44,0,"70.01"
"03848","富道集團","其他金融","主板",1000,"4.60","8.01億",5.56,6.88,"100.00"
"08073","興業新材料","工業制造","創業板",4000,"3.72","4.80億",1,1.08,"100.00"
"08152","明梁控股","工業制造","創業板",10000,"6.20","2.82億",0.47,0.89,"100.00"
"08471","新達控股","紡織服飾","創業板",10000,"6.18","2.40億",0.3,0.34,"100.00"
"08465","高科橋","通訊器材","創業板",2000,"14.55","--",1.68,1.84,"100.00"
"01216","中原銀行","銀行","主板",1000,"0.39","480.81億",2.45,2.49,"100.00"
"08427","瑞強集團","工業制造","創業板",8000,"12.20","1.74億",0.28,0.7,"100.00"
"01649","內蒙古能建","公用事業","主板",2000,"0.49","44.80億",1.6,1.58,"100.00"
"01676","中國升海食品","食品飲料","主板",4000,"9.23","6.60億",0.66,1.32,"100.00"
"08291","萬成金屬包裝","工用支援","創業板",5000,"13.10","2.60億",0.65,0.68,"90.26"
"08472","立高控股","居民服務","創業板",5000,"11.50","2.00億",0.5,0.55,"100.00"
"00994","恒誠建筑","建筑","主板",4000,"417.90","4.40億",0.86,1.12,"100.00"
"08462","橋英控股","居民服務","創業板",5000,"3.17","2.70億",0.45,0.475,"100.00"
"08481","盛龍錦秀國際","原材料","創業板",5000,"1.31","3.40億",0.68,0.97,"100.00"
"08257","靖洋集團","半導體","創業板",10000,"3.58","2.20億",0.22,0.241,"100.00"
"06088","FIT HON TENG","通訊器材","主板",1000,"2.39","177.80億",2.7,3.15,"100.00"
"08297","芭迪貝伊","紡織服飾","創業板",5000,"1.03","1.92億",0.4,0.345,"100.00"
"08463","TOMO HOLDINGS","汽車","創業板",4000,"0.68","--",0.73,0.63,"100.00"
"01962","訓修實業","紡織服飾","主板",2000,"1.08","10.15億",1.65,1.22,"100.00"
"06113","UTS MARKETING","居民服務","主板",2000,"8.43","5.52億",1.38,1.45,"100.00"
"08405","恒智控股","居民服務","創業板",4000,"38.90","2.88億",0.72,0.88,"100.00"
"01695","椰豐集團","食品飲料","主板",5000,"9.40","5.18億",0.48,1.24,"40.13"
"01702","東光化工","原材料","主板",4000,"3.68","6.83億",1.06,1.6,"70.07"
"01932","中漆集團","原材料","主板",4000,"3.50","8.60億",0.86,0.77,"100.00"
"08157","象興國際","貨運物流","創業板",20000,"1.69","--",0.22,0.214,"100.00"
"08469","盛業資本","其他金融","創業板",2000,"3.97","--",2,0,"100.00"
"08362","運興泰集團","食品飲料","創業板",20000,"20.00","2.80億",0.2,0.144,"100.00"
"01571","信邦控股","汽車","主板",1000,"59.99","34.20億",3.42,3.23,"100.00"
"08460","基地錦標集團","建筑","創業板",10000,"1.90","2.40億",0.24,0.202,"100.00"
"01551","廣州農商銀行","銀行","主板",1000,"0.45","489.21億",5.1,5.11,"100.00"
"01630","建成控股","建筑","主板",6000,"5.80","5.70億",0.38,0.54,"100.00"
"08420","NEXION TECH","軟件服務","創業板",5000,"2.94","2.88億",0.48,0.48,"50.00"
"08446","ITP HOLDINGS","餐飲娛樂","創業板",10000,"11.57","2.40億",0.3,0.59,"75.05"
"02269","藥明生物","醫療保健","主板",500,"37.46","233.63億",20.6,28.25,"80.21"
"06038","信越控股","建筑","主板",10000,"742.30","4.10億",0.41,0.455,"15.03"
"01679","瑞斯康集團","半導體","主板",2500,"14.22","8.00億",1,2.06,"100.00"
"08183","尚捷集團控股","紡織服飾","創業板",5000,"400.50","--",0.5,0.49,"100.00"
"08365","建泉國際控股","券商信托","創業板",5000,"12.00","3.49億",0.68,0.57,"100.00"
"08431","浩柏國際","建筑","創業板",10000,"1.74","2.60億",0.2,0.191,"100.00"
"08452","富銀融資股份","其他金融","主板",2000,"11.40","4.71億",1.31,1.37,"100.00"
"03329","交銀國際","券商信托","主板",1000,"2.53","71.47億",2.68,2.72,"100.00"
"01655","OKURA HOLDINGS","餐飲娛樂","主板",5000,"1017.60","6.00億",1.2,1.28,"25.01"
"01257","中國光大綠色環保","公用事業","主板",1000,"2.39","108.00億",5.4,5.3,"100.00"
"08252","泰和小貸","其他金融","創業板",2000,"1.26","--",1.34,1.36,"100.00"
"02001","新高教集團","居民服務","主板",1000,"1.97","39.78億",2.78,2.78,"100.00"
"08410","安領國際","軟件服務","創業板",10000,"16.32","--",0.32,0.335,"100.00"
"08409","海鑫集團","建筑","創業板",10000,"11.75","--",0.27,0,"20.02"
"08309","萬成環球控股","居民服務","創業板",10000,"60.26","1.92億",0.32,0.34,"100.00"
"08413","亞洲雜貨","食品飲料","創業板",10000,"7.95","2.58億",0.23,0.4,"100.00"
"08347","F8企業","石油天然氣","創業板",8000,"38.60","2.56億",0.32,0.3,"100.00"
"08455","禮建德集團","建筑","創業板",10000,"16.30","2.08億",0.26,0.27,"100.00"
"02611","國泰君安","券商信托","主板",200,"3.61","1372.54億",15.84,15.84,"100.00"
"01667","進階發展","建筑","主板",10000,"588.20","4.16億",0.52,0.64,"20.13"
"08412","高門集團","餐飲娛樂","創業板",10000,"101.48","2.72億",0.34,0.365,"50.00"
"03768","滇池水務","公用事業","主板",1000,"1.19","40.22億",3.91,3.86,"100.00"
"02017","滄海控股","建筑","主板",2000,"64.54","13.02億",2.17,2.17,"80.00"
"02281","興瀘水務","公用事業","主板",1000,"6.12","19.77億",2.3,2.27,"80.09"
"01647","SHIS LTD","建筑","主板",5000,"128.00","7.00億",0.7,0.97,"28.50"
"08439","新百利融資","其他金融","創業板",2000,"2.70","2.77億",2.05,2.06,"80.77"
"01569","民生教育","居民服務","主板",2000,"2.06","55.20億",1.38,1.51,"100.00"
"08442","樺欣控股","紡織服飾","創業板",500,"380.00","--",5.75,6.25,"15.00"
"03869","弘和仁愛醫療","醫療保健","主板",200,"3.58","17.05億",12.8,12.96,"100.00"
"08421","永順控股香港","居民服務","創業板",5000,"12.07","--",0.42,0.44,"13.17"
"08425","興銘控股","工用支援","創業板",4000,"7.69","3.00億",0.75,0.83,"45.01"
"08423","CHI HO DEV","建筑","創業板",10000,"1.42","2.40億",0.3,0.305,"100.00"
"03395","PERSTA","石油天然氣","主板",1000,"2.55","8.79億",3.16,3.08,"100.00"
"08013","ECI TECH","軟件服務","創業板",20000,"39.87","2.40億",0.15,0.15,"100.00"
"01985","美高域","軟件服務","主板",2000,"1177.80","4.38億",1.46,4,"50.00"
"06169","宇華教育","居民服務","主板",2000,"1.53","61.50億",2.05,2.09,"100.00"
"01627","安保工程控股","建筑","主板",4000,"5.54","22.00億",1.1,1,"100.00"
"08417","大地教育","居民服務","創業板",10000,"21.00","5.95億",0.34,0.33,"100.00"
"01989","松齡護老集團","居民服務","主板",8000,"796.50","5.96億",0.69,0.92,"30.02"
"01660","善樂國際","工業制造","主板",8000,"356.92","4.80億",0.4,0.31,"100.00"
"02266","黎氏企業","建筑","主板",2000,"187.70","4.60億",1.15,1.74,"80.01"
"03789","御佳控股","建筑","主板",4000,"350.00","6.72億",0.56,0.57,"30.00"
"06068","睿見教育","居民服務","主板",2000,"1.50","34.00億",1.7,1.69,"100.00"
"01518","新世紀醫療","醫療保健","主板",500,"1.23","35.33億",7.36,7.35,"100.00"
"01575","慕容控股","家電家用","主板",2000,"5.90","10.50億",1.05,1.4,"100.00"
"01656","億仕登控股","工用支援","主板",2000,"1892.00","4.93億",1.25,1.38,"39.81"
"06122","九臺農商銀行","銀行","主板",1000,"1.09","177.60億",4.56,4.87,"100.00"
"08069","縱橫游控股","餐飲娛樂","創業板",5000,"862.08","3.20億",0.8,0.91,"15.00"
"01536","煜榮集團","工業制造","主板",2000,"2.08","4.37億",1.15,1.05,"100.00"
"01637","順興集團控股","工業制造","主板",2000,"799.70","4.80億",1.2,2.04,"50.00"
"01596","翼辰實業","工業制造","主板",1000,"1.96","26.94億",3,3.02,"100.00"
"01580","大森控股","原材料","主板",5000,"271.32","5.04億",0.7,0.84,"10.01"
"01357","美圖公司","軟件服務","主板",500,"2.39","359.32億",8.5,8.5,"100.00"
"08062","俊盟國際","軟件服務","創業板",5000,"1277.00","2.69億",0.56,0.69,"61.71"
"01617","南方通信","通訊器材","主板",4000,"14.00","11.42億",1.02,1.74,"100.00"
"06066","中信建投證券","券商信托","主板",500,"0.97","488.72億",6.81,6.81,"100.00"
"01581","進昇集團控股","建筑","主板",5000,"531.00","6.00億",0.6,0.65,"40.83"
"01635","大眾公用","公用事業","主板",1000,"1.96","104.50億",3.6,3.6,"100.00"
"08160","GOLDWAY EDU","居民服務","創業板",12000,"704.30","1.03億",0.205,0.34,"20.04"
"01632","膳源控股","餐飲娛樂","主板",2000,"116.38","4.00億",2,3.51,"100.00"
"01629","盟科控股","原材料","主板",4000,"420.00","3.50億",0.7,0.76,"30.05"
"06189","愛得威建設集團","建筑","主板",500,"3.07","10.97億",5.2,5.11,"80.06"
"01608","偉能集團","公用事業","主板",1000,"0.81","76.15億",2.88,2.83,"100.00"
"01611","桐成控股","工業制造","主板",2000,"32.00","4.50億",1.5,1.57,"11.10"
"01272","大唐環境","公用事業","主板",1000,"0.09","111.13億",3.78,3.78,"100.00"
"01458","周黑鴨","食品飲料","主板",500,"0.81","136.38億",5.88,6.67,"100.00"
"01633","上諭集團","建筑","主板",3000,"16.69","5.28億",0.8,1.27,"100.00"
"06163","彭順國際","汽車","主板",2000,"27.23","3.20億",1.28,1.37,"100.00"
"01572","中國藝術金融","其他金融","主板",4000,"1.79","12.00億",0.75,0.8,"100.00"
"03686","祈福生活服務","居民服務","主板",10000,"153.20","4.60億",0.46,0.62,"25.05"
"03689","康華醫療","醫療保健","主板",200,"0.37","38.74億",11.6,10.6,"100.00"
"01610","中糧肉食","農業產品","主板",1000,"0.43","78.04億",2,1.66,"100.00"
"03306","江南布衣","紡織服飾","主板",500,"1.32","32.00億",6.4,6.87,"100.00"
"03320","華潤醫藥","醫療保健","主板",500,"1.90","561.70億",9.1,9.01,"100.00"
"08407","興證國際","券商信托","創業板",2000,"2.73","--",1.33,1.34,"100.00"
"01609","創建集團控股","建筑","主板",10000,"172.12","5.35億",0.7,0.64,"35.01"
"02113","東盈控股","建筑","主板",5000,"68.44","5.18億",0.7,0.8,"40.00"
"01547","IBI GROUP HLDGS","建筑","主板",8000,"1816.09","3.60億",0.45,0.435,"10.03"
"08023","鄺文記","建筑","創業板",6000,"15.76","2.58億",0.43,0.5,"100.00"
"02166","芯智控股","半導體","主板",2000,"15.50","9.15億",1.83,1.8,"100.00"
"06099","招商證券","券商信托","主板",200,"5.23","803.93億",12,12,"100.00"
"01526","瑞慈醫療","醫療保健","主板",1000,"1.01","40.71億",2.56,2.36,"100.00"
"06858","本間高爾夫","家電家用","主板",500,"1.28","60.91億",10,10.2,"100.00"
"01577","匯鑫小貸","其他金融","主板",2000,"5.38","11.42億",1.68,1.82,"60.30"
"01591","汛和集團","建筑","主板",20000,"382.00","5.20億",0.13,0.144,"1.61"
"01658","郵儲銀行","銀行","主板",1000,"2.60","3841.82億",4.76,4.77,"100.00"
"02633","雅各臣科研制藥","醫療保健","主板",2000,"6.11","26.25億",1.5,1.68,"100.00"
"02031","澳至尊","醫療保健","主板",5000,"0.91","4.13億",0.55,0.58,"100.00"
"03893","易緯集團","建筑","主板",20000,"1695.00","3.60億",0.15,0.193,"10.02"
"06178","光大證券","券商信托","主板",200,"1.68","581.59億",12.68,12.68,"100.00"
"06816","PROSPER CONS","建筑","主板",2000,"19.51","8.00億",1,1.13,"100.00"
"01589","中國物流資產","地產","主板",1000,"0.31","96.17億",3.25,3.44,"100.00"
"02278","海藍控股","地產","主板",1000,"0.24","11.88億",3.96,4.8,"100.00"
"08293","星亞控股","支援服務","創業板",5000,"5.31","2.50億",1,1.5,"100.00"
"08333","阿仕特朗金融","券商信托","創業板",5000,"17.30","4.80億",0.6,0.61,"100.00"
"01523","珩灣科技","信息科技器材","主板",8000,"46.00","5.00億",0.5,0.49,"15.00"
"01560","星星地產","地產","主板",2000,"601.90","4.03億",1.8,1.8,"33.85"
"01573","中國優質能源","煤炭","主板",2000,"0.45","12.89億",1.8,4.14,"100.00"
"01579","頤海國際","食品飲料","主板",1000,"1.63","34.32億",3.3,3.25,"100.00"
"01612","永勝醫療","醫療保健","主板",2000,"30.80","6.38億",1,0.94,"100.00"
"01586","中國力鴻","工用支援","主板",4000,"36.12","3.92億",0.98,0.99,"40.02"
"02869","綠城服務","居民服務","主板",2000,"0.48","55.28億",1.99,2.2,"100.00"
"08360","利駿集團香港","建筑","創業板",4000,"16.29","3.07億",0.64,0.49,"100.00"
"01606","國銀租賃","其他金融","主板",2000,"0.31","252.85億",2,1.86,"100.00"
"08328","信義香港","居民服務","創業板",4000,"7.49","3.78億",0.7,1.23,"100.00"
"03958","東方證券","券商信托","主板",400,"0.96","501.37億",8.15,8.1,"100.00"
"01549","永豐集團控股","貨運物流","主板",8000,"289.00","4.41億",0.315,0.32,"15.03"
"08280","中國數字視頻","影視傳媒","創業板",2000,"2.84","11.78億",1.9,1.7,"100.00"
"01420","川控股","建筑","主板",4000,"510.00","8.80億",0.88,0.94,"10.02"
"02588","中銀航空租賃","運輸","主板",100,"38.62","291.48億",42,42,"100.00"
"01585","雅迪控股","汽車","主板",2000,"0.85","51.60億",1.72,1.32,"100.00"
"03626","HSSP INTL","工用支援","主板",2000,"2182.33","2.50億",1.36,2.61,"5.02"
"02738","華津國際控股","工業制造","主板",2000,"4.32","14.28億",2.38,2.88,"100.00"
"01243","宏安地產","地產","主板",4000,"3.93","13.98億",0.92,1.05,"100.00"
"01982","南旋控股","紡織服飾","主板",2000,"13.72","24.00億",1.2,1.28,"100.00"
"01469","結好金融","其他金融","主板",4000,"2.58","25.00億",1,1.05,"100.00"
"01496","亞積邦租賃","工用支援","主板",4000,"472.27","6.48億",0.75,0.91,"20.01"
"01419","盈健醫療","醫療保健","主板",2000,"668.30","4.83億",1.38,1.99,"12.00"
"01578","天津銀行","銀行","主板",500,"0.08","445.69億",7.39,7.39,"100.00"
"02016","浙商銀行","銀行","主板",1000,"0.56","693.38億",3.96,3.96,"100.00"
"02239","國微技術","工業制造","主板",1000,"18.51","11.34億",3.78,3.18,"100.00"
"01557","劍虹集團控股","建筑","主板",4000,"890.00","3.80億",0.95,1.4,"32.61"
"02138","香港醫思醫療集團","醫療保健","主板",1000,"3.01","29.69億",3.03,2.98,"100.00"
"06833","興科蓉醫藥","醫療保健","主板",4000,"7.23","12.80億",0.8,0.8,"100.00"
"02768","佳源國際控股","地產","主板",2000,"1.30","44.64億",2.48,2.58,"90.53"
"03963","融眾金融","其他金融","主板",1000,"3.34","8.44億",2.11,2.13,"100.00"
"01565","成實外教育","居民服務","主板",1000,"0.37","72.00億",2.4,2.43,"100.00"
"03301","融信中國","地產","主板",500,"0.03","72.36億",5.36,5.62,"100.00"
"01459","巨匠建設","建筑","主板",2000,"4.96","7.20億",1.35,1.9,"100.00"
"03773","年年卡","軟件服務","主板",2000,"24.22","4.00億",1,1.27,"100.00"
"03326","保發集團","紡織服飾","主板",3000,"13.10","4.19億",0.93,1.43,"70.09"
"01548","金斯瑞生物科技","醫療保健","主板",2000,"5.00","20.96億",1.31,1.32,"100.00"
"01799","新特能源","工業制造","主板",400,"0.12","90.13億",8.8,8.8,"100.00"
"03678","弘業期貨","其他金融","主板",1000,"1.04","22.04億",2.43,1.97,"100.00"
"01558","東陽光藥","醫療保健","主板",200,"1.74","67.60億",15,14.54,"100.00"
"01568","承達集團","建筑","主板",2000,"1.07","27.60億",1.38,1.5,"100.00"
"01543","中盈盛達融資擔保","其他金融","主板",2000,"1.28","14.51億",1.36,1.38,"100.00"
"06196","鄭州銀行","銀行","主板",1000,"1.19","197.96億",3.85,4.02,"100.00"
"01197","中國恒石","工業制造","主板",2000,"0.32","21.50億",2.15,2.18,"100.00"
"01662","義合控股","建筑","主板",4000,"15.09","5.00億",1,1.11,"100.00"
"01786","鐵建裝備","工業制造","主板",500,"1.93","79.79億",5.25,4.72,"100.00"
"03600","現代牙科","醫療保健","主板",1000,"2.89","42.00億",4.2,4.04,"100.00"
"02289","創美藥業","醫療保健","主板",500,"22.93","9.29億",8.6,8,"100.00"
"01979","天寶集團","工業制造","主板",4000,"8.21","5.50億",0.55,1.22,"100.00"
"00331","豐盛機電","建筑","主板",1000,"8.40","12.38億",2.75,2.06,"100.00"
"01341","焯升企業","工業制造","主板",8000,"72.83","4.80億",0.48,0.53,"100.00"
"01447","新福港","建筑","主板",2000,"34.22","5.40億",1.35,1.32,"100.00"
"03996","中國能源建設","建筑","主板",2000,"0.31","470.64億",1.59,1.58,"100.00"
"00416","錦州銀行","銀行","主板",1000,"0.04","261.06億",4.66,5.1,"100.00"
"03866","青島銀行","銀行","主板",500,"0.36","190.55億",4.75,4.77,"100.00"
"01492","中地乳業","食品飲料","主板",2000,"2.11","26.07億",1.2,1.15,"100.00"
"01561","萬輝化工","原材料","主板",4000,"67.50","6.00億",1,1.03,"100.00"
"00722","聯合醫務","醫療保健","主板",2000,"16.08","15.16億",2.06,1.93,"100.00"
"06865","福萊特玻璃","工業制造","主板",1000,"0.63","37.80億",2.1,1.94,"100.00"
"01538","中奧到家","居民服務","主板",2000,"11.39","15.04億",1.88,1.87,"100.00"
"02120","康寧醫院","醫療保健","主板",100,"125.30","27.24億",38.7,49.1,"100.00"
"03799","達利食品","食品飲料","主板",500,"1.28","718.94億",5.25,5,"100.00"
"01452","迪諾斯環保","工業制造","主板",1000,"1.22","10.50億",2.1,1.7,"100.00"
"01556","建業建榮","建筑","主板",5000,"169.00","8.85億",0.59,0.61,"60.04"
"03908","中金公司","其他金融","主板",400,"4.70","228.55億",10.28,11.04,"100.00"
"01495","集一家居","零售","主板",2000,"16.00","4.61億",1.28,1.51,"100.00"
"02799","中國華融","其他金融","主板",1000,"3.22","1207.27億",3.09,3.1,"100.00"
"01508","中國再保險","保險","主板",1000,"93.97","1138.79億",2.7,2.7,"100.00"
"01532","中國派對文化","紡織服飾","主板",3000,"162.80","7.50億",1,0.93,"100.00"
"01476","恒投證券","其他金融","主板",1000,"0.16","100.00億",3.92,4.17,"100.00"
"01533","莊園牧場","食品飲料","主板",500,"3.27","7.45億",5.3,5.45,"80.08"
"01527","天潔環境","工業制造","主板",200,"0.96","14.72億",10.9,10.3,"100.00"
"01970","IMAX CHINA","影視傳媒","主板",100,"0.77","110.15億",31,34.25,"100.00"
"02199","維珍妮","紡織服飾","主板",1000,"1.11","66.08億",5.6,6.5,"100.00"
"00974","中國順客隆","零售","主板",1000,"0.95","8.25億",2.88,3.03,"100.00"
"01683","良斯集團","建筑","主板",4000,"7.50","5.00億",1,1.2,"60.00"
"01499","前進控股集團","建筑","主板",10000,"20.86","5.72億",0.25,0.305,"100.00"
"01718","宏基集團控股","建筑","主板",5000,"168.00","6.80億",0.85,1.04,"100.00"
"03969","中國通號","通訊器材","主板",1000,"0.54","551.25億",6.3,6.32,"100.00"
"06896","金嗓子","醫療保健","主板",500,"1.44","33.41億",4.6,4.87,"100.00"
"03737","中智藥業","醫療保健","主板",1000,"3.38","19.68億",2.46,2.39,"100.00"
"01498","培力控股","醫療保健","主板",500,"38.80","13.46億",5.98,3.83,"100.00"
"02666","環球醫療","其他金融","主板",500,"52.08","138.47億",8.18,5,"100.00"
"01461","魯證期貨","其他金融","主板",1000,"4.00","33.20億",3.32,2.5,"100.00"
"01509","和美醫療","居民服務","主板",1000,"8.72","57.93億",7.55,6.81,"80.03"
"06836","天韻國際控股","食品飲料","主板",2000,"3.60","12.80億",1.28,1.28,"80.05"
"01456","國聯證券","券商信托","主板",500,"1.87","152.19億",8,5.51,"100.00"
"02699","新明中國","地產","主板",2000,"0.52","26.88億",1.43,1.35,"100.00"
"01986","彩客化學","原材料","主板",500,"1.80","20.05億",4.01,4.06,"100.00"
"02193","萬景控股","建筑","主板",4000,"1836.90","3.20億",0.8,1.1,"12.51"
"02286","辰興發展","地產","主板",1000,"4.29","15.00億",3,3,"100.00"
"03882","天彩控股","家電家用","主板",1000,"86.00","27.04億",3.38,3.29,"50.02"
"03396","聯想控股","綜合企業","主板",100,"45.17","1011.30億",42.98,42.95,"100.00"
"01528","紅星美凱龍","地產","主板",200,"5.58","523.09億",13.28,12.74,"100.00"
"06133","維太移動","通訊器材","主板",1000,"18.23","21.08億",2.48,2.53,"100.00"
"02686","亞美能源","石油天然氣","主板",1000,"5.26","99.73億",3,2.78,"100.00"
"00574","百信藥業","醫療保健","主板",2000,"239.70","12.20億",1.22,1.42,"100.00"
"06183","中國綠寶","農業產品","主板",1000,"13.46","23.55億",4.71,4.25,"100.00"
"01530","三生制藥","醫療保健","主板",500,"201.57","220.62億",9.1,9.35,"100.00"
"06886","HTSC","券商信托","主板",200,"278.98","1736.00億",24.8,26,"80.00"
"01301","德基科技控股","工業制造","主板",2000,"162.00","13.68億",2.28,2.62,"25.00"
"06839","云南水務","公共事業","主板",1000,"354.00","66.70億",5.8,7.25,"1.98"
"01470","滴達國際","紡織服飾","主板",4000,"839.10","5.44億",0.68,0.97,"20.00"
"06826","昊海生物科技","醫療保健","主板",100,"179.36","94.40億",59,58.4,"100.00"
"01500","現恒建筑","建筑","主板",5000,"447.90","5.28億",0.66,1.19,"80.03"
"01776","廣發證券","券商信托","主板",200,"181.34","1394.73億",18.85,25.4,"100.00"
"01245","NIRAKU","餐飲娛樂","主板",2000,"3.05","14.11億",1.18,1.19,"100.00"
"01415","高偉電子","工業制造","主板",1000,"5.24","35.34億",4.25,3.83,"100.00"
"03606","福耀玻璃","汽車","主板",400,"45.07","410.37億",16.8,19,"100.00"
"01310","香港寬頻","電訊","主板",500,"0.67","90.51億",9,9,"100.00"
"01566","華夏動漫","影視傳媒","主板",1000,"4.33","15.66億",3.65,3.72,"100.00"
"00442","KTL INT’L","紡織服飾","主板",1000,"40.79","2.40億",3,4.82,"100.00"
"01430","蘇創燃氣","公共事業","主板",2000,"5.67","16.64億",2.08,2.09,"100.00"
"01858","春立醫療","醫療保健","主板",200,"373.55","9.25億",13.88,14.3,"30.15"
"01027","集成傘業","家電家用","主板",2000,"1.71","6.60億",1.1,1.72,"100.00"
"01327","時間由你","紡織服飾","主板",2000,"2.02","8.80億",1.1,0.67,"100.00"
"06822","科勁國際","家電家用","主板",4000,"6.07","9.66億",1.38,1.04,"100.00"
"01362","新龍移動","通訊器材","主板",4000,"171.50","2.30億",0.82,0.92,"50.00"
"01993","雅仕維","影視傳媒","主板",500,"1.29","26.40億",6,5.79,"100.00"
"06161","泰加保險","保險","主板",2000,"11.80","8.05億",1.61,2.15,"100.00"
"03708","日成控股","建筑","主板",5000,"27.58","6.71億",0.6,0.67,"100.00"
"06866","佐力小貸","券商信托","主板",2000,"1.29","15.34億",1.3,1.85,"100.00"
"02212","高鵬礦業","一般金屬","主板",4000,"24.20","3.10億",0.88,0.89,"100.00"
"01035","BBI生命科技","醫療保健","主板",1500,"49.30","9.18億",1.75,1.75,"60.06"
"08267","藍港互動","軟件服務","創業板",500,"0.15","36.24億",9.8,9.8,"100.00"
"02066","盛京銀行","銀行","主板",500,"2.20","426.84億",7.56,7.58,"100.00"
"02277","震升工程","建筑","主板",5000,"27.92","6.18億",0.6,0.63,"100.00"
"01958","北京汽車","汽車","主板",500,"2.11","668.21億",8.9,8.85,"100.00"
"00520","呷哺呷哺","餐飲娛樂","主板",500,"4.07","49.56億",4.7,4.54,"100.00"
"01669","環球信貸集團","券商信托","主板",2000,"15.42","5.40億",1.35,1.69,"100.00"
"01816","中廣核電力","公共事業","主板",1000,"287.30","1226.68億",2.78,3.31,"100.00"
"06869","長飛光纖光纜","通訊器材","主板",500,"4.20","47.26億",7.39,6.71,"100.00"
"01480","恩達集團控股","工業制造","主板",2000,"34.65","2.95億",1.23,1.36,"100.00"
"01022","飛魚科技","軟件服務","主板",1500,"5.01","33.00億",2.2,2.21,"100.00"
"01478","丘鈦科技","家電家用","主板",1000,"3.10","27.90億",2.79,2.62,"100.00"
"01317","楓葉教育","居民服務","主板",2000,"194.93","38.42億",2.88,2.89,"50.05"
"06882","東瀛游","餐飲娛樂","主板",2000,"104.00","6.95億",1.39,1.36,"5.05"
"01305","偉志控股","工業制造","主板",1000,"1223.00","7.36億",3.68,3.24,"15.01"
"01443","富臨集團控股","餐飲娛樂","主板",2000,"43.50","20.15億",1.55,1.31,"50.06"
"01289","盛力達科技","工業制造","主板",500,"25.74","9.88億",7.72,11.34,"100.00"
"06118","奧星生命科技","工業制造","主板",1000,"1250.80","15.60億",3.12,3.57,"10.10"
"01462","雅駿控股","建筑","主板",4000,"217.00","4.40億",1.1,1,"50.00"
"03822","三和建筑集團","建筑","主板",2000,"662.01","6.00億",1.5,1.62,"10.01"
"06893","衍生集團","醫療保健","主板",2000,"860.00","9.44億",1.18,1.37,"30.01"
"01347","華虹半導體","半導體","主板",1000,"12.88","116.31億",11.25,10.74,"30.05"
"06116","拉夏貝爾","紡織服飾","主板",200,"0.95","67.99億",13.98,14,"100.00"
"01811","中廣核美亞","公共事業","主板",2000,"557.30","70.72億",1.71,1.96,"50.01"
"01395","強泰環保","公共事業","主板",5000,"557.00","4.40億",0.55,0.94,"30.20"
"01285","嘉士利集團","食品飲料","主板",1000,"28.51","14.80億",3.7,3.89,"100.00"
"00699","神州租車","居民服務","主板",1000,"202.05","194.95億",8.5,10.96,"50.00"
"02221","創業集團控股","建筑","主板",4000,"396.66","3.44億",0.86,1.16,"100.00"
"06166","中國宏泰發展","地產","主板",1000,"0.97","49.60億",3.1,3.26,"100.00"
"01365","潤東汽車","汽車","主板",1000,"0.32","38.47億",3.58,3.57,"100.00"
"00288","萬洲國際","農業產品","主板",500,"55.22","884.33億",6.2,6.66,"100.00"
"01253","博大綠澤","建筑","主板",2000,"0.43","9.97億",1.3,1.47,"100.00"
"00400","科通芯城","軟件服務","主板",1000,"29.20","54.96億",4,3.98,"60.03"
"02399","虎都","紡織服飾","主板",1000,"1.17","18.72億",3.9,4,"100.00"
"01432","中國圣牧","食品飲料","主板",1000,"1.01","151.87億",2.39,2.38,"100.00"
"01367","恒寶企業控股","紡織服飾","主板",4000,"15.96","2.50億",0.52,0.52,"100.00"
"01848","中國飛機租賃","客運","主板",500,"1.91","32.39億",5.53,5.47,"100.00"
"01856","依波路","紡織服飾","主板",1000,"1.14","10.41億",3,3.1,"100.00"
"06123","先達國際物流","貨運物流","主板",2000,"16.78","4.72億",1.18,1.16,"50.13"
"01321","中國新城市","地產","主板",2000,"0.08","22.59億",1.3,1.57,"100.00"
"01418","盛諾集團","家電家用","主板",2000,"1.23","17.49億",1.06,1.04,"100.00"
"01980","天鴿互動","軟件服務","主板",1000,"76.13","64.26億",5.28,5.72,"60.00"
"02186","綠葉制藥","醫療保健","主板",500,"14.77","196.61億",5.92,6.7,"60.20"
"01599","城建設計","建筑","主板",1000,"0.39","33.73億",2.75,3.01,"100.00"
"06188","迪信通","通訊器材","主板",500,"0.41","35.33億",5.3,5.07,"100.00"
"01450","世紀睿科","軟件服務","主板",2000,"8.53","10.80億",1.08,1.07,"80.10"
"02329","國瑞置業","地產","主板",1000,"0.20","105.00億",2.38,2.5,"100.00"
"01446","鴻福堂","食品飲料","主板",2000,"348.82","8.22億",1.3,1.71,"5.02"
"06136","康達環保","公共事業","主板",1000,"255.23","56.00億",2.8,3.21,"20.01"
"06139","金茂投資-SS","餐飲娛樂","主板",500,"0.31","107.00億",5.35,5.35,"100.00"
"01778","彩生活","地產","主板",1000,"4.03","37.80億",3.78,4.6,"50.00"
"06899","聯眾","軟件服務","主板",1000,"11.33","33.32億",4.25,3.75,"100.00"
"00911","恒發洋參","醫療保健","主板",2000,"51.45","39.60億",1.98,1.5,"100.00"
"01626","嘉耀控股","工用支援","主板",2000,"44.16","3.78億",1.26,1.28,"100.00"
"03639","億達中國","地產","主板",2000,"0.05","63.21億",2.45,2.44,"100.00"
"03709","珂萊蒂爾","紡織服飾","主板",1000,"4.59","21.00億",4.2,4.4,"100.00"
"01588","暢捷通","軟件服務","主板",200,"210.35","35.57億",16.38,15.04,"100.00"
"02229","長港敦信","原材料","主板",2000,"1.32","13.90億",1.4,1.09,"100.00"
"02298","都市麗人","紡織服飾","主板",1000,"20.58","68.63億",3.6,3.55,"100.00"
"01375","中州證券","券商信托","主板",1000,"0.65","66.05億",2.51,2.16,"100.00"
"06128","泛亞國際","建筑","主板",2000,"355.60","4.80億",1.2,1.18,"100.00"
"01619","天合化工","原材料","主板",2000,"0.12","459.59億",1.8,1.79,"100.00"
"01330","綠色動力環保","公共事業","主板",1000,"53.10","34.50億",3.45,3.77,"50.00"
"03903","瀚華金控","券商信托","主板",2000,"0.23","74.52億",1.62,1.63,"100.00"
"02014","浩澤凈水","家電家用","主板",1000,"44.99","45.58億",2.7,2.99,"100.00"
"06198","青島港","貨運物流","主板",1000,"0.15","176.94億",3.76,3.71,"100.00"
"02303","恒興黃金","貴金屬","主板",2000,"1.52","14.80億",1.6,1.64,"100.00"
"02111","超盈國際控股","紡織服飾","主板",2000,"1.80","21.50億",2.15,2.12,"100.00"
"01397","碧瑤綠色集團","居民服務","主板",4000,"429.82","4.80億",1.2,1.24,"38.00"
"01771","新豐泰集團","汽車","主板",1000,"1.23","21.66億",3.61,3.88,"100.00"
"01400","宏太控股","紡織服飾","主板",5000,"3.22","7.20億",0.72,0.77,"100.00"
"02100","百奧家庭互動","軟件服務","主板",2000,"0.89","60.73億",2.15,1.77,"100.00"
"06138","哈爾濱銀行","銀行","主板",1000,"0.27","318.87億",2.9,2.91,"100.00"
"00798","光谷聯合","地產","主板",4000,"0.39","33.20億",0.83,0.76,"100.00"
"02255","海昌控股","餐飲娛樂","主板",1000,"4.65","98.00億",2.45,2.02,"100.00"
"02608","陽光100中國","地產","主板",1000,"0.62","80.00億",4,3.74,"100.00"
"03636","保利文化","居民服務","主板",100,"606.00","77.78億",33,42.6,"60.00"
"01340","惠生國際","農業產品","主板",2000,"2188.16","8.20億",2.05,2.06,"4.00"
"01636","中國金屬利用","一般金屬","主板",4000,"17.92","23.71億",1.13,0.98,"100.00"
"01622","力高地產","地產","主板",2000,"3.51","40.00億",2.5,2.61,"100.00"
"02638","港燈-SS","公共事業","主板",500,"7.46","481.57億",5.45,5.34,"100.00"
"02226","老恒和釀造","食品飲料","主板",500,"1045.46","35.75億",7.15,8.27,"20.00"
"02080","MAGNUM ENT","餐飲娛樂","主板",2000,"3559.20","4.50億",1.5,2.84,"1.00"
"01247","米格國際控股","紡織服飾","主板",2000,"1126.04","18.24億",2.28,2.81,"3.00"
"03332","中生聯合","醫療保健","主板",2000,"187.93","--",2,2.66,"100.00"
"01439","中華包裝控股","工用支援","主板",5000,"294.50","4.08億",0.51,0.81,"80.02"
"01353","諾奇","紡織服飾","主板",1000,"1.04","--",2.13,2.13,"100.00"
"01421","工蓋有限公司","建筑","主板",5000,"15.90","3.20億",0.5,0.6,"100.00"
"03313","雅高礦業","一般金屬","主板",1000,"0.31","35.33億",2.65,2.52,"100.00"
"01678","中國創意家居","家電家用","主板",2000,"1.29","32.40億",1.8,1.89,"100.00"
"01819","富貴鳥","紡織服飾","主板",400,"0.68","46.99億",8.81,8.84,"100.00"
"02283","東江集團控股","工業制造","主板",2000,"3.33","10.00億",1.25,1.24,"60.04"
"03380","龍光地產","地產","主板",2000,"1.02","105.00億",2.1,2.15,"100.00"
"06818","中國光大銀行","銀行","主板",1000,"1.91","--",3.98,3.87,"100.00"
"00586","海螺創業","工業制造","主板",500,"16.51","239.33億",13.56,16.8,"100.00"
"00636","嘉里物流","貨運物流","主板",500,"37.00","169.05億",10.2,10.22,"100.00"
"01390","環亞智富","軟件服務","主板",1000,"86.70","--",3.59,4.62,"80.00"
"01448","福壽園","居民服務","主板",1000,"681.30","66.60億",3.33,4.82,"70.00"
"01681","康臣藥業","醫療保健","主板",1000,"129.50","43.60億",4.36,4.9,"100.00"
"01359","中國信達","其他金融","主板",1000,"161.13","1269.43億",3.58,4.5,"100.00"
"02211","金天醫藥集團","醫療保健","主板",1000,"7.65","58.20億",2.91,2.37,"100.00"
"03369","秦港股份","貨運物流","主板",500,"0.73","293.34億",5.25,4.92,"100.00"
"01233","時代地產","地產","主板",1000,"1.21","62.03億",3.6,3.55,"100.00"
"01372","怡益控股","建筑","主板",2000,"31.74","2.49億",1.2,1.28,"100.00"
"02213","益華百貨","零售","主板",2000,"3.24","5.04億",1.4,1.48,"100.00"
"03386","東鵬控股","建筑","主板",1000,"0.60","36.66億",2.94,2.7,"100.00"
"01689","華禧控股","工用支援","主板",2000,"9.84","4.05億",1.35,1.5,"100.00"
"01268","美東汽車","汽車","主板",2000,"1.75","18.00億",1.8,1.72,"100.00"
"01426","春泉產業信托","地產","主板",1000,"0.16","41.83億",3.81,3.2,"100.00"
"03315","金邦達寶嘉","通訊器材","主板",1000,"44.13","43.12億",5.39,6.79,"100.00"
"01884","eprint集團","工用支援","主板",4000,"18.48","3.90億",0.78,0.72,"50.08"
"01515","鳳凰醫療","居民服務","主板",500,"534.40","59.31億",7.38,10,"100.00"
"01370","恒實礦業","一般金屬","主板",1000,"0.79","48.00億",3.2,3.08,"100.00"
"03608","永盛新材料","紡織服飾","主板",2500,"17.22","4.72億",1.18,1.21,"60.16"
"01431","原生態牧業","食品飲料","主板",1000,"13.89","105.54億",2.7,2.6,"100.00"
"03623","集成金融","其他金融","主板",2000,"21.53","10.72億",2.68,2.81,"100.00"
"00434","博雅互動","軟件服務","主板",1000,"832.33","39.46億",5.35,6.09,"10.00"
"03698","徽商銀行","銀行","主板",1000,"10.79","376.82億",3.53,3.6,"100.00"
"01358","普華和順","醫療保健","主板",1000,"20.33","50.88億",3.18,3.51,"80.12"
"01360","MEGAEXPO HLDG","居民服務","主板",2000,"342.71","2.66億",1.33,1.42,"2.16"
"01963","重慶銀行","銀行","主板",500,"8.81","161.44億",6,5.99,"100.00"
"01345","中國先鋒醫藥","醫療保健","主板",1000,"17.40","54.67億",4.1,3.84,"100.00"
"00153","中國賽特","建筑","主板",2000,"15.51","16.48億",1.03,0.98,"100.00"
"01396","毅德國際","地產","主板",2000,"3.73","86.39億",2.15,2.15,"100.00"
"01862","景瑞控股","地產","主板",1000,"1.56","55.79億",4.45,4.4,"100.00"
"01290","中國匯融","其他金融","主板",2000,"243.10","22.35億",2.18,2.18,"100.00"
"02030","卡賓","紡織服飾","主板",1000,"12.00","17.71億",2.53,2.6,"100.00"
"01246","毅信控股","建筑","主板",4000,"23.60","3.86億",0.93,1.09,"100.00"
"02393","巨星國際控股","醫療保健","主板",2500,"7.92","6.21億",1.38,1.58,"50.00"
"01316","耐世特","汽車","主板",1000,"1.10","67.20億",2.8,2.57,"100.00"
"00484","云游控股","軟件服務","主板",100,"312.41","63.98億",51,67.5,"100.00"
"01273","香港信貸","其他金融","主板",4000,"412.97","4.27億",1.03,1.03,"50.02"
"06863","輝山乳業","食品飲料","主板",1000,"12.69","384.69億",2.67,2.59,"100.00"
"01363","中滔環保","公共事業","主板",2000,"7.24","20.45億",1.48,1.33,"100.00"
"01373","國際家居零售","家電家用","主板",1000,"146.55","20.32億",2.81,2.98,"100.00"
"01219","天喔國際","食品飲料","主板",1000,"56.14","65.32億",3.15,3.67,"100.00"
"02183","利福地產","地產","主板",2000,"2.69","8.30億",1.98,2.12,"100.00"
"01271","佳明集團控股","建筑","主板",4000,"177.00","4.44億",1.11,1.1,"100.00"
"01275","開元產業信托","地產","主板",1000,"0.58","27.02億",3.5,3.52,"100.00"
"01250","金彩控股","工用支援","主板",4000,"62.62","2.62億",0.82,0.85,"80.10"
"01680","澳門勵駿","餐飲娛樂","主板",1000,"0.17","146.46億",2.35,2.4,"100.00"
"02112","優庫資源","一般金屬","主板",2000,"0.24","19.50億",1.3,1.21,"100.00"
"01369","五洲國際","地產","主板",2000,"0.57","56.80億",1.22,1.29,"100.00"
"03836","和諧汽車","汽車","主板",500,"1.66","66.53億",6.08,5.1,"100.00"
"01270","朗廷-SS","餐飲娛樂","主板",500,"11.70","100.07億",5,4.54,"100.00"
"02386","中石化煉化工程","石油天然氣","主板",500,"29.31","464.94億",10.5,10.46,"100.00"
"06881","中國銀河","券商信托","主板",500,"29.95","399.47億",5.3,5.62,"100.00"
"01148","新晨動力","汽車","主板",1000,"20.40","28.71億",2.23,2.17,"100.00"
"01319","靄華押業信貸","其他金融","主板",4000,"1086.00","3.92億",0.98,1.31,"30.00"
"02178","百勤油服","石油天然氣","主板",1000,"34.30","34.03億",3.28,4.16,"100.00"
"02033","時計寶","紡織服飾","主板",2000,"651.00","28.08億",1.35,1.38,"50.01"
"02078","榮陽實業","一般金屬","主板",1000,"53.80","49.56億",4.13,3.59,"100.00"
"01348","滉達富控股","家電家用","主板",2000,"721.00","3.60億",1.5,1.66,"30.03"
"01232","金輪天地控股","地產","主板",2000,"81.41","30.28億",1.68,2.04,"100.00"
"00540","迅捷環球控股","紡織服飾","主板",4000,"426.00","4.92億",0.82,1.14,"30.60"
"00815","中國白銀集團","貴金屬","主板",2000,"8.76","10.69億",1.18,1.39,"60.13"
"02236","惠生工程","石油天然氣","主板",1000,"1.32","113.40億",2.79,2.79,"100.00"
"01829","中國機械工程","建筑","主板",1000,"57.88","222.79億",5.4,6.3,"100.00"
"01339","中國人民保險集團","保險","主板",1000,"17.54","1476.35億",3.48,3.72,"100.00"
"00564","鄭煤機","工業制造","主板",200,"0.20","168.27億",10.38,9.47,"100.00"
"01030","新城發展控股","地產","主板",2000,"0.25","82.19億",1.45,1.47,"100.00"
"01314","翠華控股","餐飲娛樂","主板",2000,"12.70","31.40億",2.27,2.56,"100.00"
"00884","旭輝控股集團","地產","主板",2000,"1.19","80.15億",1.33,1.31,"100.00"
"02223","卡撒天嬌","家電家用","主板",2000,"9.18","3.01億",1.5,1.64,"60.10"
"02196","復星醫藥","醫療保健","主板",500,"2.44","--",11.8,10.84,"100.00"
"01240","青建國際","建筑","主板",2500,"3.76","2.64億",0.88,1.25,"100.00"
"03816","ＫＦＭ金德","工業制造","主板",4000,"2.72","4.08億",0.68,0.69,"100.00"
"06889","DYNAM JAPAN","餐飲娛樂","主板",200,"0.87","104.00億",14,0,"100.00"
"01335","順泰控股","工用支援","主板",2000,"2.80","4.98億",1.2,1.36,"100.00"
"01699","普甜食品","農業產品","主板",4000,"2.03","5.60億",0.7,0.86,"100.00"
"01332","中國透云","工用支援","主板",2000,"5.40","2.29億",1.59,1.42,"100.00"
"01616","星宏傳媒","紡織服飾","主板",2000,"0.45","8.80億",1.1,1.1,"100.00"
"03669","永達汽車","汽車","主板",500,"0.03","97.68億",6.6,6.62,"100.00"
"03948","伊泰煤炭","煤炭","主板",100,"0.07","1399.22億",43,43,"100.00"
"03939","萬國國際礦業","一般金屬","主板",2000,"1.03","11.94億",1.99,2.04,"100.00"
"01237","中科生物","家電家用","主板",2000,"1.03","10.00億",1,1.01,"100.00"
"02068","中鋁國際","建筑","主板",1000,"0.04","104.66億",3.93,3.59,"100.00"
"03666","小南國","餐飲娛樂","主板",2000,"1.15","22.13億",1.5,1.5,"100.00"
"01258","中國有色礦業","一般金屬","主板",1000,"0.05","76.76億",2.2,2.2,"100.00"
"00816","華電福新","公共事業","主板",2000,"0.94","--",1.65,1.73,"100.00"
"03663","協眾國際控股","汽車","主板",4000,"1.17","7.44億",0.93,0.98,"100.00"
"00695","東吳水泥","建筑","主板",2000,"0.88","5.63億",1.1,1.15,"100.00"
"01522","京投交通科技","軟件服務","主板",4000,"15.80","9.54億",1,0.73,"100.00"
"02623","中國中盛資源","一般金屬","主板",2000,"1.30","8.87億",1.23,1.23,"100.00"
"06837","海通證券","券商信托","主板",400,"2.86","1015.98億",10.6,10.6,"100.00"
"01366","江南集團","工業制造","主板",2000,"0.11","43.70億",1.42,1.42,"100.00"
"01613","協同通信","通訊器材","主板",8000,"1.97","3.96億",0.33,0.36,"79.02"
"01322","創達科技控股","工業制造","主板",2000,"0.07","8.20億",1.33,1.4,"100.00"
"01329","首創鉅大","原材料","主板",2000,"0.93","2.20億",1.1,1.53,"100.00"
"01260","皓天財經集團","居民服務","主板",2000,"6.84","13.90億",1.39,1.34,"80.03"
"01277","力量能源","煤炭","主板",2000,"0.27","106.22億",1.26,1.2,"100.00"
"01300","俊知集團","通訊器材","主板",2000,"2.37","13.38億",1.2,1.25,"80.17"
"02012","陽光油砂","石油天然氣","主板",500,"0.23","140.21億",4.86,4.7,"100.00"
"01266","西王特鋼","一般金屬","主板",1000,"1.64","53.00億",2.65,2.13,"100.00"
"01830","必瘦站","紡織服飾","主板",4000,"32.47","8.80億",0.88,0.89,"100.00"
"01312","同方康泰","建筑","主板",3000,"2.96","6.60億",1,1.09,"100.00"
"01315","允升國際","建筑","主板",2000,"4.20","3.60億",1.2,1.6,"100.00"
"01803","北京體育文化","貨運物流","主板",2500,"20.56","7.44億",0.93,1.23,"30.00"
"01263","柏能集團","通訊器材","主板",2000,"1.50","6.68億",1.6,1.59,"100.00"
"01281","隆基泰和智慧能源","地產","主板",4000,"0.25","5.42億",0.9,1.01,"100.00"
"01303","滙力資源","一般金屬","主板",2000,"0.74","17.00億",1.7,1.77,"100.00"
"06830","華眾控股","汽車","主板",2000,"1.10","11.20億",1.4,1.49,"100.00"
"01296","國電科環","工業制造","主板",1000,"0.01","130.98億",2.16,2.16,"100.00"
"01251","華油能源","石油天然氣","主板",2000,"0.06","18.81億",1.23,1.25,"100.00"
"01252","中國天瑞水泥","建筑","主板",1000,"0.02","57.86億",2.41,2.94,"100.00"
"03778","中國織材控股","紡織服飾","主板",4000,"1.13","7.09億",0.7,0.86,"100.00"
"02200","浩沙國際","紡織服飾","主板",2000,"0.54","26.52億",1.6,1.6,"100.00"
"01336","新華保險","保險","主板",100,"0.56","889.07億",28.5,25.7,"100.00"
"01929","周大福","紡織服飾","主板",200,"6.62","1500.00億",15,13.8,"65.00"
"01293","廣匯寶信","汽車","主板",500,"0.74","217.37億",8.5,7.3,"100.00"
"02133","中國多金屬","一般金屬","主板",1000,"0.20","44.15億",2.22,1.35,"100.00"
"06880","豪特保健","家電家用","主板",2000,"242.61","5.05億",1.58,1.58,"21.04"
"01146","中國服飾控股","紡織服飾","主板",2000,"10.04","56.51億",1.64,1.49,"100.00"
"01262","蠟筆小新食品","食品飲料","主板",1000,"1.94","30.01億",2.65,2.2,"100.00"
"02121","一化控股","原材料","主板",1000,"0.25","21.66億",2.7,2.72,"100.00"
"01023","時代集團控股","紡織服飾","主板",1000,"4.25","29.55億",2.95,3.01,"80.00"
"06823","香港電訊-SS","電訊","主板",1000,"0.12","290.68億",4.53,4.55,"100.00"
"00844","廣泰國際控股","紡織服飾","主板",4000,"6.98","3.04億",0.8,0.95,"100.00"
"01269","首控集團","汽車","主板",2000,"4.52","5.38億",1.4,1.79,"100.00"
"01239","TEAMWAY INTL GP","工用支援","主板",4000,"2.90","2.50億",1.25,1.27,"80.31"
"08122","先健科技","醫療保健","創業板",2000,"0.67","--",2,0,"100.00"
"01152","豐臨集團","紡織服飾","主板",4000,"4.30","2.08億",0.5,0.53,"100.00"
"06030","中信證券","券商信托","主板",500,"0.09","1465.25億",13.3,13.3,"100.00"
"03788","中國罕王","一般金屬","主板",1000,"0.21","45.93億",2.51,2.45,"100.00"
"01235","專業旅運","餐飲娛樂","主板",5000,"16.66","3.24億",0.63,0,"70.04"
"01096","動感集團","紡織服飾","主板",2000,"1.07","14.40億",1.2,1.19,"100.00"
"06868","天福","食品飲料","主板",1000,"1.15","73.63億",6,5.78,"100.00"
"01028","鴻國國際","紡織服飾","主板",1000,"0.19","46.00億",2.3,1.96,"100.00"
"06808","高鑫零售","零售","主板",500,"0.19","686.86億",7.2,10.12,"60.01"
"01127","匯星印刷","公用支援","主板",4000,"1.73","5.39億",0.7,0.63,"100.00"
"01663","漢港控股","地產","主板",2000,"0.05","13.20億",1.1,1.13,"100.00"
"06838","盈利時","紡織服飾","主板",2000,"1.80","9.35億",1.87,1.9,"100.00"
"01259","中國兒童護理","紡織服飾","主板",1000,"28.70","26.28億",2.6,2.53,"100.00"
"02123","金盾控股","紡織服飾","主板",4000,"80.20","6.59億",0.7,0.62,"50.09"
"03777","中國光纖","通訊器材","主板",2000,"0.36","17.49億",1.2,1.25,"100.00"
"01165","順風光電","工業制造","主板",2000,"4.92","21.76億",1.11,0.99,"80.08"
"02098","卓爾集團","地產","主板",1000,"1.05","101.15億",2.89,3.09,"100.00"
"06828","中國威力印刷","工用支援","主板",2000,"100.90","3.09億",1.48,1.34,"100.00"
"00579","京能清潔能源","公共事業","主板",2000,"0.05","108.17億",1.67,0,"100.00"
"01082","現代教育","居民服務","主板",2000,"26.80","7.49億",1.3,1.39,"100.00"
"01115","西藏5100","食品飲料","主板",1000,"0.87","77.07億",3,3.69,"100.00"
"01241","雙樺控股","汽車","主板",2000,"1.59","7.54億",1.16,1.46,"100.00"
"01913","普拉達","紡織服飾","主板",100,"0.50","1010.74億",39.5,39.6,"100.00"
"00871","翔宇疏浚","建筑","主板",1000,"1.57","25.52億",3.19,2.45,"100.00"
"01910","新秀麗","紡織服飾","主板",300,"1.23","204.03億",14.5,13.38,"100.00"
"00935","龍翔集團","貨運物流","主板",2000,"39.50","12.21億",1.1,1.14,"100.00"
"00958","華能新能源","公共事業","主板",2000,"0.65","225.73億",2.5,2.43,"100.00"
"02282","美高梅中國","餐飲娛樂","主板",400,"20.81","582.92億",15.34,15.62,"80.00"
"03363","正業國際","原材料","主板",2000,"342.00","7.15億",1.43,1.44,"10.02"
"02083","大自然家居","家電家用","主板",1000,"7.58","43.71億",2.95,2.94,"80.01"
"01150","米蘭站","紡織服飾","主板",2000,"2179.50","11.26億",1.67,2.77,"1.00"
"02607","上海醫藥","醫療保健","主板",100,"16.06","618.45億",23,23,"79.99"
"02299","百宏實業","紡織服飾","主板",500,"1.53","115.15億",5.18,5.28,"100.00"
"02789","遠大中國","建筑","主板",2000,"0.36","93.13億",1.5,1.66,"100.00"
"87001","匯賢產業信托","地產","主板",1000,"2.19","274.28億",5.24,4.75,"100.00"
"01623","海隆控股","石油天然氣","主板",1000,"4.02","44.03億",2.6,2.73,"100.00"
"01011","泰凌醫藥","醫療保健","主板",500,"5.88","49.12億",4.54,3.82,"90.03"
"01181","唐宮中國","餐飲娛樂","主板",2000,"614.16","6.90億",1.65,2.31,"20.02"
"03360","遠東宏信","其他金融","主板",1000,"4.86","207.09億",6.29,6.87,"100.00"
"01378","中國宏橋","一般金屬","主板",500,"0.20","423.72億",7.2,7.9,"100.00"
"03688","萊蒙國際","地產","主板",500,"0.57","71.98億",6.23,5.3,"100.00"
"01380","中國金石","一般金屬","主板",1000,"1.94","43.83億",2.25,1.98,"100.00"
"01121","寶峰時尚","紡織服飾","主板",2000,"9.33","20.27億",2,1.8,"80.00"
"01143","中慧國際控股","家電家用","主板",2000,"317.00","4.94億",1.2,1.23,"40.01"
"01323","NEWTREE GROUP","家電家用","主板",2000,"17.81","14.20億",1.95,1.76,"60.03"
"02011","KEE","紡織服飾","主板",2000,"160.00","5.52億",1.33,1.35,"70.02"
"01089","森寶食品","軟件服務","主板",5000,"85.00","11.29億",0.68,0.77,"100.00"
"01085","亨鑫科技","通訊器材","主板",2000,"2.40","8.73億",2.25,2.22,"100.00"
"01157","中聯重科","工業制造","主板",200,"8.17","1154.35億",14.98,16.18,"80.02"
"00327","百富環球","軟件服務","主板",1000,"1.40","30.02億",2.88,2.89,"100.00"
"01112","合生元","食品飲料","主板",500,"15.68","66.25億",11,10.44,"60.00"
"01798","大唐新能源","公共事業","主板",1000,"0.89","169.48億",2.33,2.19,"100.00"
"03618","重慶農村商業銀行","銀行","主板",1000,"4.30","488.25億",5.25,5.2,"100.00"
"01282","中國金洋","通訊器材","主板",4000,"18.00","27.81億",0.95,0.96,"80.00"
"01555","ＭＩ能源","石油天然氣","主板",2000,"3.45","45.02億",1.7,1.7,"50.00"
"01728","正通汽車","汽車","主板",500,"3.33","161.33億",7.3,7.39,"100.00"
"00468","紛美包裝","工用支援","主板",1000,"4.37","57.51億",4.3,4.92,"80.03"
"01831","十方控股","影視傳媒","主板",1000,"0.91","25.45億",3.03,2.65,"100.00"
"01090","大明國際","一般金屬","主板",2000,"0.57","21.79億",2.1,2.12,"100.00"
"02099","中國黃金國際","貴金屬","主板",100,"24.30","177.12億",44.68,42.95,"60.00"
"01117","現代牧業","食品飲料","主板",1000,"4.01","139.26億",2.89,2.51,"100.00"
"01110","金活醫藥集團","醫療保健","主板",4000,"457.00","9.96億",1.6,2.05,"20.00"
"01086","好孩子國際","家電家用","主板",1000,"1459.77","49.25億",4.9,5.8,"5.00"
"01101","中國熔盛重工","工業制造","主板",500,"22.61","560.00億",8,7.96,"30.00"
"01091","中信大錳","一般金屬","主板",1000,"321.06","83.18億",2.75,2.92,"50.00"
"00312","歲寶百貨","零售","主板",2000,"26.73","54.89億",2.2,1.81,"50.01"
"00842","理士國際","工業制造","主板",1000,"259.00","71.53億",5.35,4.67,"20.00"
"01087","泓淋科技","通訊器材","主板",1000,"117.20","20.16億",2.8,2.42,"10.01"
"01600","天倫燃氣","公共事業","主板",1500,"452.92","16.97億",2.05,2.14,"20.00"
"00238","長興國際","紡織服飾","主板",1000,"1231.78","43.65億",4.6,5.8,"10.00"
"01299","友邦保險","保險","主板",200,"9.62","2370.26億",19.68,23.05,"60.00"
"00460","四環醫藥","醫療保健","主板",1000,"480.00","238.05億",4.6,5.77,"20.00"
"01007","環球乳業","食品飲料","主板",1000,"12.79","44.36億",4.39,3.94,"50.01"
"01700","華地國際控股","零售","主板",1000,"81.00","148.25億",5.93,6.68,"60.00"
"01685","博耳電力","工業制造","主板",1000,"341.54","49.54億",6.38,7.25,"30.00"
"00580","賽晶電力電子","工業制造","主板",2000,"543.00","26.30億",1.93,2.5,"10.00"
"00956","新天綠色能源","公共事業","主板",1000,"242.19","--",2.66,2.64,"60.00"
"00975","MONGOL MINING","煤炭","主板",500,"10.92","260.09億",7.02,7.35,"50.01"
"01733","易大宗","煤炭","主板",1000,"41.87","139.61億",3.7,3.38,"50.00"
"03683","榮豐聯合控股","貨運物流","主板",2500,"308.00","9.38億",1.13,1.17,"5.01"
"02208","金風科技","工業制造","主板",200,"41.19","484.49億",17.98,19.06,"50.00"
"01918","融創中國","地產","主板",1000,"3.83","115.50億",3.48,3.37,"79.99"
"02468","創益太陽能","工業制造","主板",1000,"494.07","71.31億",4.5,5.07,"20.00"
"01021","麥達斯控股","一般金屬","主板",1000,"4.11","66.12億",5.43,5.83,"60.01"
"01308","海豐國際","貨運物流","主板",1000,"1.73","123.56億",4.78,4.53,"100.00"
"01682","華隆金控","紡織服飾","主板",4000,"126.30","2.68億",0.6,1.25,"10.50"
"00926","碧生源","醫療保健","主板",1000,"20.90","48.97億",3.12,3.58,"50.00"
"01698","博士蛙國際","紡織服飾","主板",1000,"485.47","103.34億",4.98,7.02,"30.00"
"00867","康哲藥業","醫療保健","主板",800,"86.00","122.19億",5.06,5.64,"20.00"
"00853","微創醫療","醫療保健","主板",1000,"225.27","85.94億",6.1,8.29,"50.00"
"01039","暢豐車橋","工業制造","主板",1000,"116.54","32.00億",4,4.5,"50.01"
"02198","中國三江化工","原材料","主板",1000,"248.85","33.57億",3.38,3.33,"30.01"
"01428","耀才證券金融","其他金融","主板",2000,"163.31","16.71億",1.6,1.74,"30.01"
"02233","西部水泥","建筑","主板",2000,"137.62","76.85億",1.69,1.94,"79.99"
"00640","星謙發展","原材料","主板",4000,"721.00","3.42億",0.6,0.93,"40.00"
"00936","敏達控股","工業制造","主板",5000,"22.45","8.00億",1,1.12,"100.00"
"01288","農業銀行","銀行","主板",1000,"5.87","10393.41億",3.2,3.27,"100.00"
"01900","中國智能交通","軟件服務","主板",1000,"225.90","57.43億",3.49,3.49,"60.00"
"02118","天山發展控股","地產","主板",2000,"0.13","14.00億",1.4,1.46,"100.00"
"01019","康宏理財","保險","主板",2000,"92.48","5.56億",1.2,1.52,"60.00"
"00976","齊合環保","一般金屬","主板",2000,"1.19","25.38億",2.43,2.39,"100.00"
"01788","國泰君安國際","券商信托","主板",1000,"57.74","74.29億",4.3,4.14,"100.00"
"00951","超威動力","工業制造","主板",1000,"9.98","21.92億",2.18,1.98,"70.02"
"01020","華耐控股","工業制造","主板",4000,"208.50","9.12億",0.76,0.71,"70.03"
"02128","中國聯塑","建筑","主板",1000,"1.99","79.55億",2.6,2.6,"100.00"
"02228","海東青新材料","紡織服飾","主板",1000,"4.78","18.48億",2.38,2.36,"50.05"
"02188","泰坦能源技術","工業制造","主板",2000,"475.00","9.79億",1.18,1.46,"60.00"
"02268","優源控股","原材料","主板",1000,"3.01","28.38億",2.58,2.52,"100.00"
"02222","雷士照明","家電家用","主板",1000,"38.65","65.70億",2.1,2.04,"60.01"
"00503","朗生醫藥","醫療保健","主板",1000,"853.00","16.23億",3.91,4.56,"10.00"
"00973","L'OCCITANE","紡織服飾","主板",250,"159.84","222.73億",15.08,14.4,"60.00"
"00877","昂納光通信集團","通訊器材","主板",1000,"254.65","21.14億",2.9,3.99,"60.00"
"01863","中國龍天集團","原材料","主板",1000,"137.97","27.97億",3.28,3.68,"59.98"
"01999","敏華控股","家電家用","主板",400,"0.30","61.02億",6.8,6.7,"100.00"
"00923","福和集團","原材料","主板",2000,"470.59","55.46億",2.3,2.7,"50.00"
"00830","遠東環球","建筑","主板",2000,"2.34","25.44億",1.18,1.29,"50.00"
"01998","飛克國際","紡織服飾","主板",2000,"33.00","15.44億",1.9,2.16,"35.08"
"00881","中升控股","汽車","主板",500,"1.24","190.85億",10,10.72,"100.00"
"01280","匯銀智慧社區","家電家用","主板",2000,"599.40","17.72億",1.69,2.44,"30.00"
"00948","Z-OBEE","通訊器材","主板",2000,"1.50","13.73億",1.8,1.87,"100.00"
"02010","瑞年國際","醫療保健","主板",1000,"7.36","33.69億",3,2.77,"79.97"
"01938","珠江鋼管","石油天然氣","主板",1000,"5.50","45.50億",4.5,4.51,"100.00"
"01966","中駿置業","地產","主板",1000,"2.69","89.02億",2.6,2.72,"100.00"
"00953","美克國際","紡織服飾","主板",2000,"439.74","16.94億",1.43,1.44,"50.01"
"01878","南戈壁-S","煤炭","主板",50,"21.44","231.72億",126.04,112,"79.99"